pais,lat,lon,edad,liga,temporada,jugadores
Serbia and Montenegro,42.708678,19.374390,25.000000,premier,2008,2
Serbia and Montenegro,42.708678,19.374390,26.000000,premier,2009,4
Serbia and Montenegro,42.708678,19.374390,27.333333,premier,2010,6
Serbia and Montenegro,42.708678,19.374390,25.142857,premier,2011,7
Serbia and Montenegro,42.708678,19.374390,25.750000,premier,2012,4
Serbia and Montenegro,42.708678,19.374390,25.857143,premier,2013,7
Serbia and Montenegro,42.708678,19.374390,25.500000,premier,2014,6
Serbia and Montenegro,42.708678,19.374390,26.800000,premier,2015,5
Serbia and Montenegro,42.708678,19.374390,25.555556,bundes,2008,9
Serbia and Montenegro,42.708678,19.374390,24.800000,bundes,2009,5
Serbia and Montenegro,42.708678,19.374390,23.500000,bundes,2010,2
Serbia and Montenegro,42.708678,19.374390,22.500000,bundes,2011,4
Serbia and Montenegro,42.708678,19.374390,25.000000,bundes,2012,5
Serbia and Montenegro,42.708678,19.374390,23.000000,bundes,2013,5
Serbia and Montenegro,42.708678,19.374390,23.666667,bundes,2014,9
Serbia and Montenegro,42.708678,19.374390,24.625000,bundes,2015,8
Serbia and Montenegro,42.708678,19.374390,23.857143,seriea,2008,7
Serbia and Montenegro,42.708678,19.374390,22.636364,seriea,2009,11
Serbia and Montenegro,42.708678,19.374390,24.333333,seriea,2010,9
Serbia and Montenegro,42.708678,19.374390,24.166667,seriea,2011,12
Serbia and Montenegro,42.708678,19.374390,23.857143,seriea,2012,14
Serbia and Montenegro,42.708678,19.374390,24.833333,seriea,2013,12
Serbia and Montenegro,42.708678,19.374390,26.400000,seriea,2014,10
Serbia and Montenegro,42.708678,19.374390,25.666667,seriea,2015,12
Serbia and Montenegro,42.708678,19.374390,28.250000,spain,2008,4
Serbia and Montenegro,42.708678,19.374390,28.000000,spain,2009,4
Serbia and Montenegro,42.708678,19.374390,25.666667,spain,2010,3
Serbia and Montenegro,42.708678,19.374390,27.500000,spain,2011,4
Serbia and Montenegro,42.708678,19.374390,28.000000,spain,2012,5
Serbia and Montenegro,42.708678,19.374390,26.500000,spain,2013,4
Serbia and Montenegro,42.708678,19.374390,27.200000,spain,2014,5
Serbia and Montenegro,42.708678,19.374390,25.714286,spain,2015,7
Suriname,3.919305,-56.027783,26.000000,premier,2012,1
Suriname,3.919305,-56.027783,27.000000,premier,2013,1
Suriname,3.919305,-56.027783,28.000000,premier,2014,1
Suriname,3.919305,-56.027783,26.000000,bundes,2009,1
Suriname,3.919305,-56.027783,27.000000,bundes,2010,1
Suriname,3.919305,-56.027783,26.500000,bundes,2011,2
Suriname,3.919305,-56.027783,32.000000,seriea,2008,1
Suriname,3.919305,-56.027783,33.000000,seriea,2009,1
Suriname,3.919305,-56.027783,34.000000,seriea,2010,1
Suriname,3.919305,-56.027783,35.000000,seriea,2011,1
Suriname,3.919305,-56.027783,31.000000,seriea,2014,1
Suriname,3.919305,-56.027783,32.000000,seriea,2015,1
Armenia,40.069099,45.038189,24.000000,bundes,2013,1
Armenia,40.069099,45.038189,25.000000,bundes,2014,1
Armenia,40.069099,45.038189,26.000000,bundes,2015,1
Bosnia and Herzegovina,43.915886,17.679076,21.500000,premier,2008,2
Bosnia and Herzegovina,43.915886,17.679076,22.500000,premier,2009,2
Bosnia and Herzegovina,43.915886,17.679076,23.666667,premier,2010,3
Bosnia and Herzegovina,43.915886,17.679076,25.000000,premier,2011,4
Bosnia and Herzegovina,43.915886,17.679076,26.400000,premier,2012,5
Bosnia and Herzegovina,43.915886,17.679076,26.600000,premier,2013,5
Bosnia and Herzegovina,43.915886,17.679076,27.600000,premier,2014,5
Bosnia and Herzegovina,43.915886,17.679076,28.000000,premier,2015,3
Bosnia and Herzegovina,43.915886,17.679076,24.100000,bundes,2008,10
Bosnia and Herzegovina,43.915886,17.679076,23.333333,bundes,2009,6
Bosnia and Herzegovina,43.915886,17.679076,23.125000,bundes,2010,8
Bosnia and Herzegovina,43.915886,17.679076,26.571429,bundes,2011,7
Bosnia and Herzegovina,43.915886,17.679076,23.500000,bundes,2012,6
Bosnia and Herzegovina,43.915886,17.679076,24.800000,bundes,2013,5
Bosnia and Herzegovina,43.915886,17.679076,25.800000,bundes,2014,5
Bosnia and Herzegovina,43.915886,17.679076,25.600000,bundes,2015,5
Bosnia and Herzegovina,43.915886,17.679076,31.000000,seriea,2008,1
Bosnia and Herzegovina,43.915886,17.679076,32.000000,seriea,2009,1
Bosnia and Herzegovina,43.915886,17.679076,33.000000,seriea,2010,1
Bosnia and Herzegovina,43.915886,17.679076,23.000000,seriea,2011,2
Bosnia and Herzegovina,43.915886,17.679076,24.000000,seriea,2012,2
Bosnia and Herzegovina,43.915886,17.679076,25.000000,seriea,2013,2
Bosnia and Herzegovina,43.915886,17.679076,25.500000,seriea,2014,4
Bosnia and Herzegovina,43.915886,17.679076,26.400000,seriea,2015,5
Bosnia and Herzegovina,43.915886,17.679076,23.000000,spain,2008,1
Bosnia and Herzegovina,43.915886,17.679076,24.000000,spain,2009,1
Bosnia and Herzegovina,43.915886,17.679076,23.500000,spain,2013,2
Bosnia and Herzegovina,43.915886,17.679076,29.000000,spain,2014,1
Kenya,-0.023559,37.906193,22.000000,premier,2013,1
Kenya,-0.023559,37.906193,23.000000,premier,2014,1
Kenya,-0.023559,37.906193,24.000000,premier,2015,1
Kenya,-0.023559,37.906193,22.000000,seriea,2009,1
Kenya,-0.023559,37.906193,23.000000,seriea,2010,1
Kenya,-0.023559,37.906193,24.000000,seriea,2011,1
Kenya,-0.023559,37.906193,25.000000,seriea,2012,1
Kenya,-0.023559,37.906193,27.000000,seriea,2014,1
Kenya,-0.023559,37.906193,24.000000,spain,2011,1
Peru,-9.189967,-75.015152,25.333333,bundes,2008,3
Peru,-9.189967,-75.015152,24.750000,bundes,2009,4
Peru,-9.189967,-75.015152,25.750000,bundes,2010,4
Peru,-9.189967,-75.015152,28.333333,bundes,2011,3
Peru,-9.189967,-75.015152,26.250000,bundes,2012,4
Peru,-9.189967,-75.015152,28.666667,bundes,2013,3
Peru,-9.189967,-75.015152,29.666667,bundes,2014,3
Peru,-9.189967,-75.015152,31.000000,bundes,2015,2
Peru,-9.189967,-75.015152,24.000000,seriea,2008,1
Peru,-9.189967,-75.015152,25.000000,seriea,2009,1
Peru,-9.189967,-75.015152,26.000000,seriea,2010,1
Peru,-9.189967,-75.015152,26.333333,seriea,2011,3
Peru,-9.189967,-75.015152,25.500000,seriea,2012,4
Peru,-9.189967,-75.015152,28.000000,seriea,2013,2
Peru,-9.189967,-75.015152,30.000000,seriea,2014,1
Peru,-9.189967,-75.015152,29.000000,seriea,2015,1
Peru,-9.189967,-75.015152,30.000000,spain,2008,1
Peru,-9.189967,-75.015152,31.000000,spain,2009,1
Peru,-9.189967,-75.015152,32.000000,spain,2010,1
Peru,-9.189967,-75.015152,31.000000,spain,2015,1
Uruguay,-32.522779,-55.765835,23.000000,premier,2010,1
Uruguay,-32.522779,-55.765835,22.000000,premier,2011,2
Uruguay,-32.522779,-55.765835,22.333333,premier,2012,3
Uruguay,-32.522779,-55.765835,26.000000,premier,2013,4
Uruguay,-32.522779,-55.765835,23.333333,premier,2014,3
Uruguay,-32.522779,-55.765835,25.333333,premier,2015,3
Uruguay,-32.522779,-55.765835,26.500000,bundes,2008,2
Uruguay,-32.522779,-55.765835,29.000000,bundes,2009,1
Uruguay,-32.522779,-55.765835,26.000000,seriea,2008,11
Uruguay,-32.522779,-55.765835,26.076923,seriea,2009,13
Uruguay,-32.522779,-55.765835,26.133333,seriea,2010,15
Uruguay,-32.522779,-55.765835,26.421053,seriea,2011,19
Uruguay,-32.522779,-55.765835,25.705882,seriea,2012,17
Uruguay,-32.522779,-55.765835,25.785714,seriea,2013,14
Uruguay,-32.522779,-55.765835,24.923077,seriea,2014,13
Uruguay,-32.522779,-55.765835,23.000000,seriea,2015,6
Uruguay,-32.522779,-55.765835,25.846154,spain,2008,13
Uruguay,-32.522779,-55.765835,27.800000,spain,2009,10
Uruguay,-32.522779,-55.765835,26.733333,spain,2010,15
Uruguay,-32.522779,-55.765835,26.300000,spain,2011,10
Uruguay,-32.522779,-55.765835,28.000000,spain,2012,9
Uruguay,-32.522779,-55.765835,24.800000,spain,2013,10
Uruguay,-32.522779,-55.765835,24.428571,spain,2014,7
Uruguay,-32.522779,-55.765835,25.000000,spain,2015,10
Gabon,-0.803689,11.609444,31.000000,premier,2008,1
Gabon,-0.803689,11.609444,32.000000,premier,2009,1
Gabon,-0.803689,11.609444,20.000000,spain,2012,1
Gabon,-0.803689,11.609444,21.000000,spain,2013,1
Ukraine,48.379433,31.165580,24.000000,bundes,2011,1
Ukraine,48.379433,31.165580,24.000000,bundes,2012,2
Ukraine,48.379433,31.165580,24.000000,bundes,2013,1
Ukraine,48.379433,31.165580,25.000000,bundes,2014,1
Ukraine,48.379433,31.165580,21.000000,bundes,2015,1
Ukraine,48.379433,31.165580,31.000000,seriea,2008,1
South Africa,-30.559482,22.937506,26.500000,premier,2008,2
South Africa,-30.559482,22.937506,25.500000,premier,2009,4
South Africa,-30.559482,22.937506,28.000000,premier,2010,1
South Africa,-30.559482,22.937506,27.000000,premier,2011,2
South Africa,-30.559482,22.937506,28.000000,premier,2012,2
South Africa,-30.559482,22.937506,29.500000,premier,2013,2
South Africa,-30.559482,22.937506,32.000000,premier,2014,1
South Africa,-30.559482,22.937506,29.000000,premier,2015,1
South Africa,-30.559482,22.937506,24.000000,spain,2008,1
Brazil,-14.235004,-51.925280,24.916667,premier,2008,12
Brazil,-14.235004,-51.925280,24.666667,premier,2009,12
Brazil,-14.235004,-51.925280,23.416667,premier,2010,12
Brazil,-14.235004,-51.925280,25.363636,premier,2011,11
Brazil,-14.235004,-51.925280,25.416667,premier,2012,12
Brazil,-14.235004,-51.925280,23.888889,premier,2013,9
Brazil,-14.235004,-51.925280,25.125000,premier,2014,8
Brazil,-14.235004,-51.925280,25.555556,premier,2015,9
Brazil,-14.235004,-51.925280,23.840000,bundes,2008,25
Brazil,-14.235004,-51.925280,25.055556,bundes,2009,18
Brazil,-14.235004,-51.925280,25.000000,bundes,2010,18
Brazil,-14.235004,-51.925280,26.133333,bundes,2011,15
Brazil,-14.235004,-51.925280,26.750000,bundes,2012,16
Brazil,-14.235004,-51.925280,26.800000,bundes,2013,10
Brazil,-14.235004,-51.925280,25.933333,bundes,2014,15
Brazil,-14.235004,-51.925280,27.500000,bundes,2015,14
Brazil,-14.235004,-51.925280,26.925926,seriea,2008,27
Brazil,-14.235004,-51.925280,27.322581,seriea,2009,31
Brazil,-14.235004,-51.925280,28.000000,seriea,2010,28
Brazil,-14.235004,-51.925280,27.851852,seriea,2011,27
Brazil,-14.235004,-51.925280,26.821429,seriea,2012,28
Brazil,-14.235004,-51.925280,26.638889,seriea,2013,36
Brazil,-14.235004,-51.925280,26.480000,seriea,2014,25
Brazil,-14.235004,-51.925280,27.033333,seriea,2015,30
Brazil,-14.235004,-51.925280,25.761905,spain,2008,21
Brazil,-14.235004,-51.925280,25.666667,spain,2009,24
Brazil,-14.235004,-51.925280,26.640000,spain,2010,25
Brazil,-14.235004,-51.925280,27.000000,spain,2011,23
Brazil,-14.235004,-51.925280,27.000000,spain,2012,22
Brazil,-14.235004,-51.925280,27.736842,spain,2013,19
Brazil,-14.235004,-51.925280,26.590909,spain,2014,22
Brazil,-14.235004,-51.925280,27.608696,spain,2015,23
Mali,17.570692,-3.996166,28.000000,premier,2008,1
Mali,17.570692,-3.996166,29.000000,premier,2009,1
Mali,17.570692,-3.996166,30.000000,premier,2011,1
Mali,17.570692,-3.996166,28.000000,premier,2012,2
Mali,17.570692,-3.996166,29.000000,premier,2013,2
Mali,17.570692,-3.996166,34.000000,seriea,2014,1
Mali,17.570692,-3.996166,35.000000,seriea,2015,1
Mali,17.570692,-3.996166,27.500000,spain,2008,2
Mali,17.570692,-3.996166,27.000000,spain,2009,3
Mali,17.570692,-3.996166,30.000000,spain,2010,1
Mali,17.570692,-3.996166,31.000000,spain,2011,1
Mali,17.570692,-3.996166,33.000000,spain,2013,1
Azerbaijan,40.143105,47.576927,22.000000,bundes,2013,1
Azerbaijan,40.143105,47.576927,24.000000,bundes,2015,1
Georgia,42.315407,43.356892,26.000000,premier,2008,1
Georgia,42.315407,43.356892,30.500000,bundes,2008,2
Georgia,42.315407,43.356892,25.000000,bundes,2009,2
Georgia,42.315407,43.356892,26.500000,bundes,2011,2
Georgia,42.315407,43.356892,36.000000,bundes,2013,1
Georgia,42.315407,43.356892,24.000000,seriea,2008,2
Georgia,42.315407,43.356892,31.000000,seriea,2009,1
Georgia,42.315407,43.356892,32.000000,seriea,2010,1
Georgia,42.315407,43.356892,33.000000,seriea,2011,1
Georgia,42.315407,43.356892,24.000000,seriea,2014,1
Georgia,42.315407,43.356892,25.000000,seriea,2015,1
Uganda,1.373333,32.290275,19.000000,premier,2008,1
Tunisia,33.886917,9.537499,24.000000,bundes,2008,1
Tunisia,33.886917,9.537499,25.666667,bundes,2009,3
Tunisia,33.886917,9.537499,26.000000,bundes,2010,1
Tunisia,33.886917,9.537499,25.500000,bundes,2011,2
Tunisia,33.886917,9.537499,28.000000,bundes,2012,1
Tunisia,33.886917,9.537499,29.000000,bundes,2013,1
Tunisia,33.886917,9.537499,26.000000,spain,2015,1
Croatia,45.100000,15.200000,23.500000,premier,2008,2
Croatia,45.100000,15.200000,23.333333,premier,2009,3
Croatia,45.100000,15.200000,24.333333,premier,2010,3
Croatia,45.100000,15.200000,26.500000,premier,2011,2
Croatia,45.100000,15.200000,26.500000,premier,2014,2
Croatia,45.100000,15.200000,26.777778,bundes,2008,9
Croatia,45.100000,15.200000,25.333333,bundes,2009,6
Croatia,45.100000,15.200000,25.333333,bundes,2010,9
Croatia,45.100000,15.200000,25.666667,bundes,2011,9
Croatia,45.100000,15.200000,25.428571,bundes,2012,7
Croatia,45.100000,15.200000,28.285714,bundes,2013,7
Croatia,45.100000,15.200000,27.428571,bundes,2014,7
Croatia,45.100000,15.200000,26.833333,bundes,2015,6
Croatia,45.100000,15.200000,29.000000,seriea,2008,3
Croatia,45.100000,15.200000,30.000000,seriea,2009,3
Croatia,45.100000,15.200000,30.000000,seriea,2010,1
Croatia,45.100000,15.200000,31.000000,seriea,2011,1
Croatia,45.100000,15.200000,24.000000,seriea,2012,3
Croatia,45.100000,15.200000,20.500000,seriea,2013,6
Croatia,45.100000,15.200000,22.857143,seriea,2014,7
Croatia,45.100000,15.200000,23.916667,seriea,2015,12
Croatia,45.100000,15.200000,27.000000,spain,2008,2
Croatia,45.100000,15.200000,28.000000,spain,2009,2
Croatia,45.100000,15.200000,29.000000,spain,2010,1
Croatia,45.100000,15.200000,30.500000,spain,2011,2
Croatia,45.100000,15.200000,29.666667,spain,2012,3
Croatia,45.100000,15.200000,28.000000,spain,2013,1
Croatia,45.100000,15.200000,28.500000,spain,2014,2
Croatia,45.100000,15.200000,23.750000,spain,2015,4
Sierra Leone,8.460555,-11.779889,28.000000,premier,2012,1
Sierra Leone,8.460555,-11.779889,28.000000,bundes,2008,1
Sierra Leone,8.460555,-11.779889,28.000000,bundes,2011,1
Sierra Leone,8.460555,-11.779889,29.000000,bundes,2012,1
Sierra Leone,8.460555,-11.779889,20.000000,seriea,2010,1
Sierra Leone,8.460555,-11.779889,21.000000,seriea,2011,1
Switzerland,46.818188,8.227512,22.666667,premier,2009,3
Switzerland,46.818188,8.227512,25.000000,premier,2010,1
Switzerland,46.818188,8.227512,22.500000,premier,2011,2
Switzerland,46.818188,8.227512,27.000000,premier,2012,1
Switzerland,46.818188,8.227512,24.000000,premier,2013,3
Switzerland,46.818188,8.227512,27.000000,premier,2014,2
Switzerland,46.818188,8.227512,25.666667,premier,2015,3
Switzerland,46.818188,8.227512,26.384615,bundes,2008,13
Switzerland,46.818188,8.227512,26.187500,bundes,2009,16
Switzerland,46.818188,8.227512,24.727273,bundes,2010,11
Switzerland,46.818188,8.227512,23.800000,bundes,2011,10
Switzerland,46.818188,8.227512,24.777778,bundes,2012,9
Switzerland,46.818188,8.227512,23.909091,bundes,2013,11
Switzerland,46.818188,8.227512,24.923077,bundes,2014,13
Switzerland,46.818188,8.227512,24.785714,bundes,2015,14
Switzerland,46.818188,8.227512,24.571429,seriea,2008,7
Switzerland,46.818188,8.227512,24.500000,seriea,2009,4
Switzerland,46.818188,8.227512,22.625000,seriea,2010,8
Switzerland,46.818188,8.227512,23.833333,seriea,2011,6
Switzerland,46.818188,8.227512,24.600000,seriea,2012,10
Switzerland,46.818188,8.227512,25.333333,seriea,2013,9
Switzerland,46.818188,8.227512,26.444444,seriea,2014,9
Switzerland,46.818188,8.227512,25.857143,seriea,2015,7
Switzerland,46.818188,8.227512,28.333333,spain,2008,3
Switzerland,46.818188,8.227512,29.333333,spain,2009,3
Switzerland,46.818188,8.227512,22.000000,spain,2010,1
Switzerland,46.818188,8.227512,26.000000,spain,2011,2
Switzerland,46.818188,8.227512,23.000000,spain,2012,2
Switzerland,46.818188,8.227512,24.600000,spain,2013,5
Switzerland,46.818188,8.227512,26.000000,spain,2014,1
Switzerland,46.818188,8.227512,25.500000,spain,2015,2
Russia,61.524010,105.318756,27.000000,premier,2008,1
Russia,61.524010,105.318756,26.000000,premier,2009,3
Russia,61.524010,105.318756,27.000000,premier,2010,3
Russia,61.524010,105.318756,27.666667,premier,2011,3
Russia,61.524010,105.318756,28.000000,premier,2012,1
Russia,61.524010,105.318756,19.500000,bundes,2008,2
Russia,61.524010,105.318756,22.000000,bundes,2009,3
Russia,61.524010,105.318756,23.000000,bundes,2010,3
Russia,61.524010,105.318756,24.000000,bundes,2011,3
Russia,61.524010,105.318756,23.000000,bundes,2012,3
Russia,61.524010,105.318756,24.000000,bundes,2013,3
Russia,61.524010,105.318756,25.500000,bundes,2014,2
Russia,61.524010,105.318756,25.000000,bundes,2015,2
Russia,61.524010,105.318756,22.000000,spain,2013,1
Russia,61.524010,105.318756,23.000000,spain,2014,1
Russia,61.524010,105.318756,24.000000,spain,2015,1
Colombia,4.570868,-74.297333,23.000000,premier,2008,1
Colombia,4.570868,-74.297333,24.000000,premier,2009,1
Colombia,4.570868,-74.297333,25.000000,premier,2010,1
Colombia,4.570868,-74.297333,26.000000,premier,2011,1
Colombia,4.570868,-74.297333,27.000000,premier,2012,1
Colombia,4.570868,-74.297333,27.000000,premier,2013,2
Colombia,4.570868,-74.297333,27.000000,premier,2014,4
Colombia,4.570868,-74.297333,28.333333,premier,2015,3
Colombia,4.570868,-74.297333,37.000000,bundes,2008,1
Colombia,4.570868,-74.297333,30.000000,bundes,2009,3
Colombia,4.570868,-74.297333,34.500000,bundes,2010,2
Colombia,4.570868,-74.297333,25.333333,bundes,2011,3
Colombia,4.570868,-74.297333,32.000000,bundes,2012,1
Colombia,4.570868,-74.297333,30.000000,bundes,2013,2
Colombia,4.570868,-74.297333,31.000000,bundes,2014,2
Colombia,4.570868,-74.297333,25.500000,bundes,2015,2
Colombia,4.570868,-74.297333,27.500000,seriea,2008,4
Colombia,4.570868,-74.297333,27.000000,seriea,2009,5
Colombia,4.570868,-74.297333,27.200000,seriea,2010,5
Colombia,4.570868,-74.297333,25.750000,seriea,2011,8
Colombia,4.570868,-74.297333,24.666667,seriea,2012,9
Colombia,4.570868,-74.297333,25.333333,seriea,2013,9
Colombia,4.570868,-74.297333,25.250000,seriea,2014,8
Colombia,4.570868,-74.297333,26.333333,seriea,2015,9
Colombia,4.570868,-74.297333,27.666667,spain,2008,3
Colombia,4.570868,-74.297333,27.750000,spain,2009,4
Colombia,4.570868,-74.297333,27.200000,spain,2010,5
Colombia,4.570868,-74.297333,26.600000,spain,2011,5
Colombia,4.570868,-74.297333,26.000000,spain,2012,5
Colombia,4.570868,-74.297333,23.625000,spain,2013,8
Colombia,4.570868,-74.297333,23.600000,spain,2014,5
Colombia,4.570868,-74.297333,24.500000,spain,2015,4
Congo [DRC],-4.038333,21.758664,24.750000,premier,2008,4
Congo [DRC],-4.038333,21.758664,23.200000,premier,2009,5
Congo [DRC],-4.038333,21.758664,26.000000,premier,2010,3
Congo [DRC],-4.038333,21.758664,26.000000,premier,2011,3
Congo [DRC],-4.038333,21.758664,25.500000,premier,2012,2
Congo [DRC],-4.038333,21.758664,22.000000,premier,2013,1
Congo [DRC],-4.038333,21.758664,23.000000,premier,2014,1
Congo [DRC],-4.038333,21.758664,20.333333,premier,2015,3
Congo [DRC],-4.038333,21.758664,25.000000,bundes,2009,1
Congo [DRC],-4.038333,21.758664,26.000000,bundes,2010,1
Congo [DRC],-4.038333,21.758664,27.000000,bundes,2011,1
Congo [DRC],-4.038333,21.758664,27.000000,bundes,2012,2
Congo [DRC],-4.038333,21.758664,28.000000,bundes,2013,2
Congo [DRC],-4.038333,21.758664,29.000000,bundes,2014,2
Congo [DRC],-4.038333,21.758664,29.000000,bundes,2015,1
Congo [DRC],-4.038333,21.758664,20.000000,seriea,2008,1
Congo [DRC],-4.038333,21.758664,18.000000,spain,2011,1
Congo [DRC],-4.038333,21.758664,19.000000,spain,2012,1
Congo [DRC],-4.038333,21.758664,20.500000,spain,2013,2
Zimbabwe,-19.015438,29.154857,21.000000,bundes,2011,1
Zimbabwe,-19.015438,29.154857,22.000000,bundes,2012,1
Senegal,14.497401,-14.452362,29.142857,premier,2008,7
Senegal,14.497401,-14.452362,30.000000,premier,2009,6
Senegal,14.497401,-14.452362,29.833333,premier,2010,6
Senegal,14.497401,-14.452362,30.000000,premier,2011,3
Senegal,14.497401,-14.452362,29.000000,premier,2012,2
Senegal,14.497401,-14.452362,31.666667,premier,2013,3
Senegal,14.497401,-14.452362,25.750000,premier,2014,4
Senegal,14.497401,-14.452362,26.600000,premier,2015,5
Senegal,14.497401,-14.452362,24.000000,bundes,2009,1
Senegal,14.497401,-14.452362,25.000000,bundes,2010,1
Senegal,14.497401,-14.452362,23.666667,bundes,2011,3
Senegal,14.497401,-14.452362,24.666667,bundes,2012,3
Senegal,14.497401,-14.452362,24.500000,bundes,2013,2
Senegal,14.497401,-14.452362,26.000000,bundes,2015,1
Senegal,14.497401,-14.452362,32.000000,seriea,2008,1
Senegal,14.497401,-14.452362,33.000000,seriea,2009,1
Senegal,14.497401,-14.452362,17.000000,seriea,2010,1
Senegal,14.497401,-14.452362,19.000000,seriea,2013,2
Senegal,14.497401,-14.452362,27.000000,seriea,2014,2
Senegal,14.497401,-14.452362,23.500000,seriea,2015,4
Senegal,14.497401,-14.452362,20.000000,spain,2009,1
Senegal,14.497401,-14.452362,24.500000,spain,2010,2
Senegal,14.497401,-14.452362,22.166667,spain,2011,6
Senegal,14.497401,-14.452362,26.000000,spain,2012,2
Senegal,14.497401,-14.452362,27.000000,spain,2013,2
Senegal,14.497401,-14.452362,26.000000,spain,2014,1
Senegal,14.497401,-14.452362,21.000000,spain,2015,1
Romania,45.943161,24.966760,26.000000,premier,2010,1
Romania,45.943161,24.966760,27.000000,premier,2011,1
Romania,45.943161,24.966760,28.000000,premier,2012,1
Romania,45.943161,24.966760,24.500000,premier,2013,2
Romania,45.943161,24.966760,25.333333,premier,2014,3
Romania,45.943161,24.966760,28.000000,premier,2015,1
Romania,45.943161,24.966760,27.200000,bundes,2008,5
Romania,45.943161,24.966760,23.000000,bundes,2009,1
Romania,45.943161,24.966760,25.500000,bundes,2010,2
Romania,45.943161,24.966760,25.000000,bundes,2011,1
Romania,45.943161,24.966760,23.666667,bundes,2012,3
Romania,45.943161,24.966760,23.500000,bundes,2013,2
Romania,45.943161,24.966760,24.000000,bundes,2014,1
Romania,45.943161,24.966760,25.000000,bundes,2015,1
Romania,45.943161,24.966760,26.400000,seriea,2008,5
Romania,45.943161,24.966760,27.200000,seriea,2009,5
Romania,45.943161,24.966760,28.200000,seriea,2010,5
Romania,45.943161,24.966760,26.750000,seriea,2011,4
Romania,45.943161,24.966760,24.750000,seriea,2012,4
Romania,45.943161,24.966760,22.800000,seriea,2013,5
Romania,45.943161,24.966760,23.500000,seriea,2014,4
Romania,45.943161,24.966760,27.333333,seriea,2015,3
Romania,45.943161,24.966760,32.000000,spain,2008,1
Romania,45.943161,24.966760,25.000000,spain,2012,2
Romania,45.943161,24.966760,26.333333,spain,2013,3
Romania,45.943161,24.966760,21.000000,spain,2014,1
Venezuela,6.423750,-66.589730,26.000000,premier,2015,1
Venezuela,6.423750,-66.589730,25.000000,bundes,2009,2
Venezuela,6.423750,-66.589730,26.000000,bundes,2010,2
Venezuela,6.423750,-66.589730,24.666667,bundes,2011,3
Venezuela,6.423750,-66.589730,25.666667,bundes,2012,3
Venezuela,6.423750,-66.589730,29.000000,bundes,2013,2
Venezuela,6.423750,-66.589730,23.333333,seriea,2014,3
Venezuela,6.423750,-66.589730,24.500000,seriea,2015,2
Venezuela,6.423750,-66.589730,27.500000,spain,2008,2
Venezuela,6.423750,-66.589730,24.500000,spain,2009,2
Venezuela,6.423750,-66.589730,21.500000,spain,2010,2
Venezuela,6.423750,-66.589730,21.500000,spain,2011,2
Venezuela,6.423750,-66.589730,24.000000,spain,2012,2
Venezuela,6.423750,-66.589730,25.000000,spain,2013,1
Venezuela,6.423750,-66.589730,23.000000,spain,2014,2
Venezuela,6.423750,-66.589730,26.000000,spain,2015,1
Latvia,56.879635,24.603189,25.000000,premier,2008,1
Latvia,56.879635,24.603189,26.000000,premier,2009,1
Latvia,56.879635,24.603189,30.000000,premier,2012,1
Latvia,56.879635,24.603189,24.500000,bundes,2012,2
Latvia,56.879635,24.603189,25.000000,bundes,2013,1
Latvia,56.879635,24.603189,26.000000,bundes,2014,1
Latvia,56.879635,24.603189,27.000000,bundes,2015,1
Latvia,56.879635,24.603189,23.000000,spain,2010,1
Latvia,56.879635,24.603189,24.000000,spain,2011,1
Latvia,56.879635,24.603189,25.000000,spain,2012,1
Bolivia,-16.290154,-63.588653,22.000000,premier,2009,1
Syria,34.802075,38.996815,19.000000,bundes,2015,1
Canada,56.130366,-106.346771,21.000000,premier,2008,1
Canada,56.130366,-106.346771,22.000000,premier,2009,1
Canada,56.130366,-106.346771,25.000000,premier,2012,1
Canada,56.130366,-106.346771,26.000000,premier,2013,1
Canada,56.130366,-106.346771,27.500000,bundes,2008,4
Canada,56.130366,-106.346771,28.500000,bundes,2009,4
Canada,56.130366,-106.346771,30.000000,bundes,2010,1
Canada,56.130366,-106.346771,27.500000,bundes,2011,2
Canada,56.130366,-106.346771,27.500000,bundes,2012,2
Canada,56.130366,-106.346771,26.000000,bundes,2013,1
Canada,56.130366,-106.346771,27.000000,bundes,2014,1
Canada,56.130366,-106.346771,27.000000,seriea,2014,1
Canada,56.130366,-106.346771,28.000000,seriea,2015,1
Canada,56.130366,-106.346771,27.000000,spain,2008,1
Canada,56.130366,-106.346771,23.000000,spain,2010,1
Canada,56.130366,-106.346771,24.000000,spain,2011,1
Jamaica,18.109581,-77.297508,29.000000,premier,2008,2
Jamaica,18.109581,-77.297508,26.666667,premier,2009,3
Jamaica,18.109581,-77.297508,27.666667,premier,2010,3
Jamaica,18.109581,-77.297508,29.333333,premier,2011,3
Jamaica,18.109581,-77.297508,21.000000,premier,2012,2
Jamaica,18.109581,-77.297508,18.000000,premier,2013,1
Jamaica,18.109581,-77.297508,19.000000,premier,2014,1
Jamaica,18.109581,-77.297508,19.500000,premier,2015,2
Jamaica,18.109581,-77.297508,26.000000,bundes,2013,1
Benin,9.307690,2.315834,26.000000,premier,2010,1
Benin,9.307690,2.315834,27.000000,premier,2011,1
Benin,9.307690,2.315834,28.000000,premier,2012,1
Benin,9.307690,2.315834,29.000000,premier,2013,1
Benin,9.307690,2.315834,30.000000,premier,2014,1
Benin,9.307690,2.315834,31.000000,premier,2015,1
Monaco,43.750298,7.412841,26.000000,seriea,2014,1
Iceland,64.963051,-19.020835,26.000000,premier,2008,1
Iceland,64.963051,-19.020835,27.000000,premier,2009,1
Iceland,64.963051,-19.020835,28.000000,premier,2010,1
Iceland,64.963051,-19.020835,26.000000,premier,2011,2
Iceland,64.963051,-19.020835,24.000000,seriea,2012,1
Iceland,64.963051,-19.020835,25.000000,seriea,2013,1
Gambia,13.443182,-15.310139,21.000000,premier,2014,1
Gambia,13.443182,-15.310139,22.000000,premier,2015,1
Tajikistan,38.861034,71.276093,27.000000,bundes,2009,1
Tajikistan,38.861034,71.276093,28.000000,bundes,2010,1
Tajikistan,38.861034,71.276093,29.000000,bundes,2011,1
Italy,41.871940,12.567380,25.333333,premier,2008,6
Italy,41.871940,12.567380,24.333333,premier,2009,9
Italy,41.871940,12.567380,24.750000,premier,2010,4
Italy,41.871940,12.567380,22.000000,premier,2011,4
Italy,41.871940,12.567380,22.600000,premier,2012,5
Italy,41.871940,12.567380,26.142857,premier,2013,7
Italy,41.871940,12.567380,26.200000,premier,2014,5
Italy,41.871940,12.567380,26.333333,premier,2015,6
Italy,41.871940,12.567380,29.500000,bundes,2008,6
Italy,41.871940,12.567380,29.800000,bundes,2009,5
Italy,41.871940,12.567380,30.666667,bundes,2010,3
Italy,41.871940,12.567380,23.500000,bundes,2011,2
Italy,41.871940,12.567380,24.500000,bundes,2012,2
Italy,41.871940,12.567380,24.250000,bundes,2013,4
Italy,41.871940,12.567380,23.500000,bundes,2014,4
Italy,41.871940,12.567380,24.333333,bundes,2015,3
Italy,41.871940,12.567380,27.328358,seriea,2008,268
Italy,41.871940,12.567380,27.613027,seriea,2009,261
Italy,41.871940,12.567380,27.302905,seriea,2010,241
Italy,41.871940,12.567380,28.025424,seriea,2011,236
Italy,41.871940,12.567380,27.950226,seriea,2012,221
Italy,41.871940,12.567380,27.772512,seriea,2013,211
Italy,41.871940,12.567380,27.766990,seriea,2014,206
Italy,41.871940,12.567380,27.815000,seriea,2015,200
Italy,41.871940,12.567380,26.857143,spain,2008,7
Italy,41.871940,12.567380,27.000000,spain,2009,6
Italy,41.871940,12.567380,26.400000,spain,2010,10
Italy,41.871940,12.567380,27.500000,spain,2011,10
Italy,41.871940,12.567380,27.250000,spain,2012,12
Italy,41.871940,12.567380,27.800000,spain,2013,5
Italy,41.871940,12.567380,28.625000,spain,2014,8
Italy,41.871940,12.567380,28.200000,spain,2015,10
Greece,39.074208,21.824312,32.000000,premier,2008,1
Greece,39.074208,21.824312,31.500000,premier,2009,2
Greece,39.074208,21.824312,31.000000,premier,2010,1
Greece,39.074208,21.824312,25.500000,premier,2011,2
Greece,39.074208,21.824312,35.000000,premier,2012,1
Greece,39.074208,21.824312,26.666667,premier,2013,3
Greece,39.074208,21.824312,24.500000,bundes,2008,2
Greece,39.074208,21.824312,28.333333,bundes,2009,3
Greece,39.074208,21.824312,26.500000,bundes,2010,4
Greece,39.074208,21.824312,23.000000,bundes,2011,4
Greece,39.074208,21.824312,25.666667,bundes,2012,3
Greece,39.074208,21.824312,23.000000,bundes,2013,2
Greece,39.074208,21.824312,24.000000,bundes,2014,2
Greece,39.074208,21.824312,23.666667,bundes,2015,3
Greece,39.074208,21.824312,26.000000,seriea,2008,2
Greece,39.074208,21.824312,22.500000,seriea,2009,2
Greece,39.074208,21.824312,22.000000,seriea,2010,1
Greece,39.074208,21.824312,29.000000,seriea,2011,1
Greece,39.074208,21.824312,25.333333,seriea,2012,3
Greece,39.074208,21.824312,22.600000,seriea,2013,5
Greece,39.074208,21.824312,25.000000,seriea,2014,5
Greece,39.074208,21.824312,25.600000,seriea,2015,5
Greece,39.074208,21.824312,25.000000,spain,2010,1
Greece,39.074208,21.824312,26.000000,spain,2011,1
Greece,39.074208,21.824312,32.000000,spain,2012,1
Greece,39.074208,21.824312,28.000000,spain,2013,1
Burkina Faso,12.238333,-1.561593,20.000000,premier,2015,1
Burkina Faso,12.238333,-1.561593,23.000000,bundes,2008,2
Burkina Faso,12.238333,-1.561593,24.000000,bundes,2009,2
Burkina Faso,12.238333,-1.561593,24.000000,bundes,2010,1
Burkina Faso,12.238333,-1.561593,20.000000,spain,2013,1
Burkina Faso,12.238333,-1.561593,21.000000,spain,2014,1
Uzbekistan,41.377491,64.585262,29.000000,premier,2010,1
Uzbekistan,41.377491,64.585262,30.000000,premier,2011,1
Uzbekistan,41.377491,64.585262,31.000000,premier,2012,1
Uzbekistan,41.377491,64.585262,32.000000,premier,2013,1
Uzbekistan,41.377491,64.585262,33.000000,premier,2014,1
Uzbekistan,41.377491,64.585262,26.000000,seriea,2008,1
Panama,8.537981,-80.782127,19.000000,spain,2013,1
Macedonia,41.608635,21.745275,27.000000,premier,2012,1
Macedonia,41.608635,21.745275,28.000000,premier,2013,1
Macedonia,41.608635,21.745275,29.500000,bundes,2009,2
Macedonia,41.608635,21.745275,30.500000,bundes,2010,2
Macedonia,41.608635,21.745275,32.000000,bundes,2011,1
Macedonia,41.608635,21.745275,27.500000,bundes,2012,2
Macedonia,41.608635,21.745275,28.000000,bundes,2013,2
Macedonia,41.608635,21.745275,29.000000,bundes,2014,2
Macedonia,41.608635,21.745275,24.000000,bundes,2015,1
Macedonia,41.608635,21.745275,25.000000,seriea,2008,1
Macedonia,41.608635,21.745275,26.000000,seriea,2009,1
Macedonia,41.608635,21.745275,27.000000,seriea,2010,1
Macedonia,41.608635,21.745275,28.000000,seriea,2011,1
Macedonia,41.608635,21.745275,29.000000,seriea,2012,1
Macedonia,41.608635,21.745275,30.000000,seriea,2013,1
Macedonia,41.608635,21.745275,22.000000,seriea,2014,1
Macedonia,41.608635,21.745275,27.500000,seriea,2015,2
Macedonia,41.608635,21.745275,20.000000,spain,2014,1
Trinidad and Tobago,10.691803,-61.222503,26.333333,premier,2008,3
Trinidad and Tobago,10.691803,-61.222503,26.000000,premier,2009,2
Trinidad and Tobago,10.691803,-61.222503,25.000000,premier,2010,1
Trinidad and Tobago,10.691803,-61.222503,26.000000,premier,2011,1
Trinidad and Tobago,10.691803,-61.222503,27.000000,premier,2012,1
Trinidad and Tobago,10.691803,-61.222503,28.000000,premier,2013,1
Liberia,6.428055,-9.429499,21.000000,bundes,2013,1
Nigeria,9.081999,8.675277,24.900000,premier,2008,10
Nigeria,9.081999,8.675277,25.625000,premier,2009,8
Nigeria,9.081999,8.675277,24.375000,premier,2010,8
Nigeria,9.081999,8.675277,25.571429,premier,2011,7
Nigeria,9.081999,8.675277,25.000000,premier,2012,4
Nigeria,9.081999,8.675277,27.750000,premier,2013,4
Nigeria,9.081999,8.675277,25.250000,premier,2014,4
Nigeria,9.081999,8.675277,23.750000,premier,2015,4
Nigeria,9.081999,8.675277,22.000000,bundes,2008,1
Nigeria,9.081999,8.675277,22.000000,bundes,2009,4
Nigeria,9.081999,8.675277,25.500000,bundes,2010,2
Nigeria,9.081999,8.675277,25.000000,bundes,2011,1
Nigeria,9.081999,8.675277,26.000000,bundes,2012,2
Nigeria,9.081999,8.675277,27.000000,bundes,2013,1
Nigeria,9.081999,8.675277,28.000000,bundes,2014,1
Nigeria,9.081999,8.675277,22.250000,seriea,2008,4
Nigeria,9.081999,8.675277,21.000000,seriea,2009,1
Nigeria,9.081999,8.675277,21.500000,seriea,2010,2
Nigeria,9.081999,8.675277,24.500000,seriea,2011,4
Nigeria,9.081999,8.675277,21.000000,seriea,2012,3
Nigeria,9.081999,8.675277,23.000000,seriea,2013,4
Nigeria,9.081999,8.675277,22.000000,seriea,2014,2
Nigeria,9.081999,8.675277,23.000000,seriea,2015,2
Nigeria,9.081999,8.675277,24.000000,spain,2008,3
Nigeria,9.081999,8.675277,24.333333,spain,2009,3
Nigeria,9.081999,8.675277,26.500000,spain,2010,2
Nigeria,9.081999,8.675277,25.666667,spain,2011,3
Nigeria,9.081999,8.675277,25.000000,spain,2012,2
Nigeria,9.081999,8.675277,24.333333,spain,2013,3
Nigeria,9.081999,8.675277,25.000000,spain,2014,4
Nigeria,9.081999,8.675277,23.000000,spain,2015,3
Ecuador,-1.831239,-78.183406,21.500000,premier,2008,2
Ecuador,-1.831239,-78.183406,24.000000,premier,2009,1
Ecuador,-1.831239,-78.183406,25.000000,premier,2010,1
Ecuador,-1.831239,-78.183406,26.000000,premier,2011,1
Ecuador,-1.831239,-78.183406,27.000000,premier,2012,1
Ecuador,-1.831239,-78.183406,28.000000,premier,2013,1
Ecuador,-1.831239,-78.183406,26.000000,premier,2014,3
Ecuador,-1.831239,-78.183406,27.250000,premier,2015,4
Ecuador,-1.831239,-78.183406,18.000000,bundes,2013,1
Ecuador,-1.831239,-78.183406,19.000000,bundes,2014,1
Ecuador,-1.831239,-78.183406,20.000000,bundes,2015,1
Ecuador,-1.831239,-78.183406,23.000000,spain,2008,1
Ecuador,-1.831239,-78.183406,21.000000,spain,2009,1
Ecuador,-1.831239,-78.183406,21.500000,spain,2010,2
Ecuador,-1.831239,-78.183406,22.000000,spain,2011,1
Ecuador,-1.831239,-78.183406,26.000000,spain,2014,1
Ecuador,-1.831239,-78.183406,27.000000,spain,2015,1
Poland,51.919438,19.145136,26.500000,premier,2008,2
Poland,51.919438,19.145136,27.000000,premier,2009,1
Poland,51.919438,19.145136,24.000000,premier,2010,2
Poland,51.919438,19.145136,21.000000,premier,2011,1
Poland,51.919438,19.145136,27.000000,premier,2012,3
Poland,51.919438,19.145136,28.000000,premier,2013,3
Poland,51.919438,19.145136,29.000000,premier,2014,2
Poland,51.919438,19.145136,35.000000,premier,2015,2
Poland,51.919438,19.145136,27.545455,bundes,2008,11
Poland,51.919438,19.145136,27.636364,bundes,2009,11
Poland,51.919438,19.145136,25.333333,bundes,2010,6
Poland,51.919438,19.145136,22.666667,bundes,2011,6
Poland,51.919438,19.145136,24.800000,bundes,2012,5
Poland,51.919438,19.145136,24.000000,bundes,2013,5
Poland,51.919438,19.145136,26.250000,bundes,2014,4
Poland,51.919438,19.145136,28.000000,bundes,2015,5
Poland,51.919438,19.145136,26.000000,seriea,2010,2
Poland,51.919438,19.145136,32.000000,seriea,2011,2
Poland,51.919438,19.145136,25.333333,seriea,2012,3
Poland,51.919438,19.145136,27.333333,seriea,2013,3
Poland,51.919438,19.145136,27.750000,seriea,2014,4
Poland,51.919438,19.145136,27.400000,seriea,2015,5
Poland,51.919438,19.145136,22.000000,spain,2008,1
Poland,51.919438,19.145136,37.000000,spain,2010,1
Poland,51.919438,19.145136,27.000000,spain,2011,1
Poland,51.919438,19.145136,28.000000,spain,2012,2
Poland,51.919438,19.145136,29.000000,spain,2013,1
Poland,51.919438,19.145136,26.000000,spain,2014,2
Poland,51.919438,19.145136,25.000000,spain,2015,1
Iraq,33.223191,43.679291,21.000000,seriea,2015,1
Mexico,23.634501,-102.552784,19.000000,premier,2008,2
Mexico,23.634501,-102.552784,20.000000,premier,2009,1
Mexico,23.634501,-102.552784,24.000000,premier,2010,4
Mexico,23.634501,-102.552784,23.000000,premier,2011,1
Mexico,23.634501,-102.552784,24.000000,premier,2012,1
Mexico,23.634501,-102.552784,25.000000,premier,2013,1
Mexico,23.634501,-102.552784,26.000000,premier,2014,1
Mexico,23.634501,-102.552784,27.000000,premier,2015,1
Mexico,23.634501,-102.552784,28.666667,bundes,2008,3
Mexico,23.634501,-102.552784,29.000000,bundes,2009,1
Mexico,23.634501,-102.552784,27.000000,bundes,2013,1
Mexico,23.634501,-102.552784,27.000000,bundes,2015,1
Mexico,23.634501,-102.552784,35.000000,seriea,2014,1
Mexico,23.634501,-102.552784,36.000000,seriea,2015,1
Mexico,23.634501,-102.552784,26.333333,spain,2008,3
Mexico,23.634501,-102.552784,24.000000,spain,2009,3
Mexico,23.634501,-102.552784,21.666667,spain,2010,3
Mexico,23.634501,-102.552784,22.500000,spain,2011,4
Mexico,23.634501,-102.552784,24.200000,spain,2012,5
Mexico,23.634501,-102.552784,25.428571,spain,2013,7
Mexico,23.634501,-102.552784,25.000000,spain,2014,8
Mexico,23.634501,-102.552784,26.000000,spain,2015,4
Albania,41.153332,20.168331,28.500000,bundes,2008,2
Albania,41.153332,20.168331,20.000000,bundes,2011,1
Albania,41.153332,20.168331,31.000000,seriea,2008,1
Albania,41.153332,20.168331,32.000000,seriea,2009,1
Albania,41.153332,20.168331,28.000000,seriea,2010,2
Albania,41.153332,20.168331,27.000000,seriea,2011,3
Albania,41.153332,20.168331,26.500000,seriea,2012,4
Albania,41.153332,20.168331,25.000000,seriea,2013,2
Albania,41.153332,20.168331,25.200000,seriea,2014,5
Albania,41.153332,20.168331,25.000000,seriea,2015,3
Estonia,58.595272,25.013607,26.000000,bundes,2012,1
Estonia,58.595272,25.013607,27.000000,bundes,2013,1
Estonia,58.595272,25.013607,28.000000,bundes,2014,1
Estonia,58.595272,25.013607,29.000000,bundes,2015,1
Australia,-25.274398,133.775136,29.375000,premier,2008,8
Australia,-25.274398,133.775136,30.500000,premier,2009,6
Australia,-25.274398,133.775136,29.166667,premier,2010,6
Australia,-25.274398,133.775136,30.750000,premier,2011,4
Australia,-25.274398,133.775136,29.400000,premier,2012,5
Australia,-25.274398,133.775136,32.000000,premier,2013,2
Australia,-25.274398,133.775136,32.000000,premier,2014,3
Australia,-25.274398,133.775136,25.500000,premier,2015,2
Australia,-25.274398,133.775136,28.000000,bundes,2008,2
Australia,-25.274398,133.775136,26.000000,bundes,2009,2
Australia,-25.274398,133.775136,27.000000,bundes,2010,2
Australia,-25.274398,133.775136,23.000000,bundes,2011,1
Australia,-25.274398,133.775136,23.500000,bundes,2012,2
Australia,-25.274398,133.775136,24.500000,bundes,2013,2
Australia,-25.274398,133.775136,26.000000,bundes,2014,1
Australia,-25.274398,133.775136,26.500000,bundes,2015,2
Australia,-25.274398,133.775136,31.500000,seriea,2008,2
Australia,-25.274398,133.775136,29.000000,seriea,2009,1
Australia,-25.274398,133.775136,30.000000,seriea,2010,1
Australia,-25.274398,133.775136,22.500000,seriea,2012,2
Australia,-25.274398,133.775136,22.000000,seriea,2013,1
Australia,-25.274398,133.775136,22.000000,seriea,2014,2
Australia,-25.274398,133.775136,24.000000,seriea,2015,1
Australia,-25.274398,133.775136,23.000000,spain,2015,1
Zambia,-13.133897,27.849332,21.000000,premier,2012,1
Zambia,-13.133897,27.849332,26.000000,bundes,2008,1
Zambia,-13.133897,27.849332,32.000000,bundes,2011,1
Ivory Coast,7.539989,-5.547080,25.857143,premier,2008,7
Ivory Coast,7.539989,-5.547080,27.500000,premier,2009,6
Ivory Coast,7.539989,-5.547080,27.428571,premier,2010,7
Ivory Coast,7.539989,-5.547080,28.500000,premier,2011,6
Ivory Coast,7.539989,-5.547080,28.000000,premier,2012,4
Ivory Coast,7.539989,-5.547080,26.200000,premier,2013,5
Ivory Coast,7.539989,-5.547080,29.333333,premier,2014,6
Ivory Coast,7.539989,-5.547080,28.666667,premier,2015,6
Ivory Coast,7.539989,-5.547080,24.500000,bundes,2008,4
Ivory Coast,7.539989,-5.547080,24.833333,bundes,2009,6
Ivory Coast,7.539989,-5.547080,25.333333,bundes,2010,3
Ivory Coast,7.539989,-5.547080,24.666667,bundes,2011,3
Ivory Coast,7.539989,-5.547080,27.000000,bundes,2012,5
Ivory Coast,7.539989,-5.547080,27.750000,bundes,2013,4
Ivory Coast,7.539989,-5.547080,28.250000,bundes,2014,4
Ivory Coast,7.539989,-5.547080,28.666667,bundes,2015,3
Ivory Coast,7.539989,-5.547080,25.000000,seriea,2008,1
Ivory Coast,7.539989,-5.547080,23.000000,seriea,2013,1
Ivory Coast,7.539989,-5.547080,22.000000,seriea,2014,2
Ivory Coast,7.539989,-5.547080,19.000000,seriea,2015,1
Ivory Coast,7.539989,-5.547080,24.666667,spain,2008,3
Ivory Coast,7.539989,-5.547080,26.250000,spain,2009,4
Ivory Coast,7.539989,-5.547080,28.000000,spain,2010,2
Ivory Coast,7.539989,-5.547080,24.250000,spain,2011,4
Ivory Coast,7.539989,-5.547080,26.500000,spain,2012,2
Ivory Coast,7.539989,-5.547080,25.500000,spain,2014,2
Ivory Coast,7.539989,-5.547080,26.500000,spain,2015,2
Guinea-Bissau,11.803749,-15.180413,27.000000,premier,2015,1
Cameroon,7.369722,12.354722,25.000000,premier,2008,3
Cameroon,7.369722,12.354722,23.000000,premier,2009,3
Cameroon,7.369722,12.354722,25.250000,premier,2010,4
Cameroon,7.369722,12.354722,25.666667,premier,2011,3
Cameroon,7.369722,12.354722,26.000000,premier,2012,1
Cameroon,7.369722,12.354722,27.000000,premier,2014,1
Cameroon,7.369722,12.354722,28.000000,premier,2015,1
Cameroon,7.369722,12.354722,26.666667,bundes,2008,3
Cameroon,7.369722,12.354722,30.500000,bundes,2009,2
Cameroon,7.369722,12.354722,28.000000,bundes,2011,1
Cameroon,7.369722,12.354722,22.000000,bundes,2013,1
Cameroon,7.369722,12.354722,25.333333,spain,2008,3
Cameroon,7.369722,12.354722,27.000000,spain,2009,3
Cameroon,7.369722,12.354722,27.000000,spain,2010,2
Cameroon,7.369722,12.354722,27.000000,spain,2011,1
Cameroon,7.369722,12.354722,23.000000,spain,2012,3
Cameroon,7.369722,12.354722,21.500000,spain,2013,2
Cameroon,7.369722,12.354722,27.000000,spain,2014,2
Cameroon,7.369722,12.354722,25.500000,spain,2015,2
Kosovo,42.602636,20.902977,23.000000,premier,2008,1
Kosovo,42.602636,20.902977,25.000000,premier,2009,2
Kosovo,42.602636,20.902977,25.000000,premier,2010,1
Kosovo,42.602636,20.902977,27.000000,premier,2015,3
Kosovo,42.602636,20.902977,21.000000,bundes,2008,1
Kosovo,42.602636,20.902977,23.000000,bundes,2009,2
Kosovo,42.602636,20.902977,26.000000,bundes,2010,1
Kosovo,42.602636,20.902977,23.666667,bundes,2011,3
Kosovo,42.602636,20.902977,20.000000,bundes,2012,2
Kosovo,42.602636,20.902977,20.000000,bundes,2013,2
Kosovo,42.602636,20.902977,26.333333,bundes,2014,3
Kosovo,42.602636,20.902977,23.666667,seriea,2010,3
Kosovo,42.602636,20.902977,24.600000,seriea,2011,5
Kosovo,42.602636,20.902977,27.000000,seriea,2012,3
Kosovo,42.602636,20.902977,28.000000,seriea,2013,3
Kosovo,42.602636,20.902977,26.666667,seriea,2014,3
Kosovo,42.602636,20.902977,28.000000,seriea,2015,1
Kosovo,42.602636,20.902977,24.000000,spain,2012,1
Kosovo,42.602636,20.902977,25.000000,spain,2013,1
Togo,8.619543,0.824782,24.000000,premier,2008,1
Togo,8.619543,0.824782,25.000000,premier,2009,1
Togo,8.619543,0.824782,26.000000,premier,2010,1
Togo,8.619543,0.824782,27.000000,premier,2011,1
Togo,8.619543,0.824782,28.000000,premier,2012,1
Togo,8.619543,0.824782,29.000000,premier,2013,1
Togo,8.619543,0.824782,30.000000,premier,2014,1
Togo,8.619543,0.824782,31.000000,premier,2015,1
Togo,8.619543,0.824782,19.000000,bundes,2010,1
Togo,8.619543,0.824782,20.000000,bundes,2011,1
Togo,8.619543,0.824782,21.000000,bundes,2012,1
Togo,8.619543,0.824782,26.000000,spain,2010,1
Portugal,39.399872,-8.224454,28.250000,premier,2008,4
Portugal,39.399872,-8.224454,32.000000,premier,2009,1
Portugal,39.399872,-8.224454,30.000000,premier,2010,2
Portugal,39.399872,-8.224454,28.000000,premier,2011,1
Portugal,39.399872,-8.224454,27.333333,premier,2012,3
Portugal,39.399872,-8.224454,27.500000,premier,2013,2
Portugal,39.399872,-8.224454,28.500000,premier,2014,2
Portugal,39.399872,-8.224454,31.000000,premier,2015,1
Portugal,39.399872,-8.224454,25.500000,bundes,2008,2
Portugal,39.399872,-8.224454,26.500000,bundes,2009,2
Portugal,39.399872,-8.224454,27.500000,bundes,2010,2
Portugal,39.399872,-8.224454,30.000000,bundes,2011,1
Portugal,39.399872,-8.224454,31.000000,bundes,2012,1
Portugal,39.399872,-8.224454,30.000000,bundes,2014,1
Portugal,39.399872,-8.224454,31.000000,bundes,2015,1
Portugal,39.399872,-8.224454,22.333333,seriea,2008,3
Portugal,39.399872,-8.224454,24.000000,seriea,2009,2
Portugal,39.399872,-8.224454,24.000000,seriea,2010,1
Portugal,39.399872,-8.224454,24.500000,seriea,2011,2
Portugal,39.399872,-8.224454,24.666667,seriea,2012,3
Portugal,39.399872,-8.224454,22.000000,seriea,2013,2
Portugal,39.399872,-8.224454,25.333333,seriea,2014,3
Portugal,39.399872,-8.224454,20.666667,seriea,2015,3
Portugal,39.399872,-8.224454,26.800000,spain,2008,5
Portugal,39.399872,-8.224454,26.000000,spain,2009,5
Portugal,39.399872,-8.224454,27.000000,spain,2010,5
Portugal,39.399872,-8.224454,26.600000,spain,2011,5
Portugal,39.399872,-8.224454,26.600000,spain,2012,5
Portugal,39.399872,-8.224454,27.666667,spain,2013,6
Portugal,39.399872,-8.224454,24.000000,spain,2014,5
Portugal,39.399872,-8.224454,25.000000,spain,2015,5
Egypt,26.820553,30.802498,25.500000,premier,2008,2
Egypt,26.820553,30.802498,26.000000,premier,2009,1
Egypt,26.820553,30.802498,26.000000,bundes,2008,1
Egypt,26.820553,30.802498,27.000000,bundes,2009,1
Egypt,26.820553,30.802498,29.000000,bundes,2011,1
Egypt,26.820553,30.802498,22.000000,seriea,2013,1
Paraguay,-23.442503,-58.443832,27.000000,premier,2008,1
Paraguay,-23.442503,-58.443832,28.500000,premier,2009,2
Paraguay,-23.442503,-58.443832,29.000000,premier,2010,3
Paraguay,-23.442503,-58.443832,29.000000,premier,2011,1
Paraguay,-23.442503,-58.443832,30.000000,premier,2012,1
Paraguay,-23.442503,-58.443832,31.000000,premier,2013,1
Paraguay,-23.442503,-58.443832,32.000000,premier,2014,1
Paraguay,-23.442503,-58.443832,24.000000,bundes,2008,1
Paraguay,-23.442503,-58.443832,25.000000,bundes,2009,1
Paraguay,-23.442503,-58.443832,30.000000,bundes,2014,1
Paraguay,-23.442503,-58.443832,24.000000,seriea,2008,1
Paraguay,-23.442503,-58.443832,25.000000,seriea,2009,1
Paraguay,-23.442503,-58.443832,26.000000,seriea,2010,1
Paraguay,-23.442503,-58.443832,25.500000,seriea,2011,2
Paraguay,-23.442503,-58.443832,25.333333,seriea,2012,3
Paraguay,-23.442503,-58.443832,26.000000,seriea,2013,1
Paraguay,-23.442503,-58.443832,27.333333,seriea,2014,3
Paraguay,-23.442503,-58.443832,28.500000,seriea,2015,2
Paraguay,-23.442503,-58.443832,31.000000,spain,2008,1
Paraguay,-23.442503,-58.443832,32.000000,spain,2009,1
Paraguay,-23.442503,-58.443832,29.333333,spain,2010,3
Paraguay,-23.442503,-58.443832,27.666667,spain,2011,3
Paraguay,-23.442503,-58.443832,29.500000,spain,2012,2
Paraguay,-23.442503,-58.443832,28.000000,spain,2013,2
Paraguay,-23.442503,-58.443832,33.000000,spain,2014,1
Paraguay,-23.442503,-58.443832,28.000000,spain,2015,4
Czech Republic,49.817492,15.472962,26.333333,premier,2008,3
Czech Republic,49.817492,15.472962,28.000000,premier,2009,3
Czech Republic,49.817492,15.472962,29.000000,premier,2010,5
Czech Republic,49.817492,15.472962,31.750000,premier,2011,4
Czech Republic,49.817492,15.472962,30.500000,premier,2012,2
Czech Republic,49.817492,15.472962,25.600000,premier,2013,5
Czech Republic,49.817492,15.472962,32.500000,premier,2014,2
Czech Republic,49.817492,15.472962,29.500000,premier,2015,2
Czech Republic,49.817492,15.472962,28.200000,bundes,2008,10
Czech Republic,49.817492,15.472962,27.545455,bundes,2009,11
Czech Republic,49.817492,15.472962,25.800000,bundes,2010,10
Czech Republic,49.817492,15.472962,26.916667,bundes,2011,12
Czech Republic,49.817492,15.472962,27.750000,bundes,2012,12
Czech Republic,49.817492,15.472962,27.000000,bundes,2013,13
Czech Republic,49.817492,15.472962,27.714286,bundes,2014,7
Czech Republic,49.817492,15.472962,26.375000,bundes,2015,8
Czech Republic,49.817492,15.472962,28.125000,seriea,2008,8
Czech Republic,49.817492,15.472962,29.000000,seriea,2009,4
Czech Republic,49.817492,15.472962,26.000000,seriea,2010,6
Czech Republic,49.817492,15.472962,24.000000,seriea,2011,5
Czech Republic,49.817492,15.472962,25.000000,seriea,2012,5
Czech Republic,49.817492,15.472962,25.200000,seriea,2013,5
Czech Republic,49.817492,15.472962,27.000000,seriea,2014,2
Czech Republic,49.817492,15.472962,28.000000,seriea,2015,2
Czech Republic,49.817492,15.472962,28.000000,spain,2008,2
Czech Republic,49.817492,15.472962,31.000000,spain,2009,2
Czech Republic,49.817492,15.472962,32.000000,spain,2010,2
Czech Republic,49.817492,15.472962,31.000000,spain,2012,1
Czech Republic,49.817492,15.472962,32.000000,spain,2013,1
Czech Republic,49.817492,15.472962,33.000000,spain,2014,1
Lithuania,55.169438,23.881275,33.000000,bundes,2014,1
Lithuania,55.169438,23.881275,27.000000,seriea,2008,1
Lithuania,55.169438,23.881275,29.500000,seriea,2009,2
Lithuania,55.169438,23.881275,30.000000,seriea,2011,1
Lithuania,55.169438,23.881275,31.000000,seriea,2012,1
Lithuania,55.169438,23.881275,28.000000,spain,2009,1
Lithuania,55.169438,23.881275,29.000000,spain,2010,1
Lithuania,55.169438,23.881275,27.000000,spain,2015,1
Argentina,-38.416097,-63.616672,24.000000,premier,2008,8
Argentina,-38.416097,-63.616672,24.857143,premier,2009,7
Argentina,-38.416097,-63.616672,25.555556,premier,2010,9
Argentina,-38.416097,-63.616672,25.454545,premier,2011,11
Argentina,-38.416097,-63.616672,26.000000,premier,2012,12
Argentina,-38.416097,-63.616672,27.500000,premier,2013,10
Argentina,-38.416097,-63.616672,28.052632,premier,2014,19
Argentina,-38.416097,-63.616672,28.250000,premier,2015,16
Argentina,-38.416097,-63.616672,27.666667,bundes,2008,6
Argentina,-38.416097,-63.616672,25.777778,bundes,2009,9
Argentina,-38.416097,-63.616672,27.400000,bundes,2010,5
Argentina,-38.416097,-63.616672,26.000000,bundes,2011,3
Argentina,-38.416097,-63.616672,27.500000,bundes,2012,2
Argentina,-38.416097,-63.616672,26.400000,bundes,2013,5
Argentina,-38.416097,-63.616672,26.500000,bundes,2014,4
Argentina,-38.416097,-63.616672,27.200000,bundes,2015,5
Argentina,-38.416097,-63.616672,26.218750,seriea,2008,32
Argentina,-38.416097,-63.616672,26.820513,seriea,2009,39
Argentina,-38.416097,-63.616672,27.073171,seriea,2010,41
Argentina,-38.416097,-63.616672,27.148936,seriea,2011,47
Argentina,-38.416097,-63.616672,27.019231,seriea,2012,52
Argentina,-38.416097,-63.616672,27.956522,seriea,2013,46
Argentina,-38.416097,-63.616672,27.897436,seriea,2014,39
Argentina,-38.416097,-63.616672,27.785714,seriea,2015,28
Argentina,-38.416097,-63.616672,24.676471,spain,2008,34
Argentina,-38.416097,-63.616672,24.027778,spain,2009,36
Argentina,-38.416097,-63.616672,24.969697,spain,2010,33
Argentina,-38.416097,-63.616672,24.642857,spain,2011,28
Argentina,-38.416097,-63.616672,26.592593,spain,2012,27
Argentina,-38.416097,-63.616672,26.240000,spain,2013,25
Argentina,-38.416097,-63.616672,26.880000,spain,2014,25
Argentina,-38.416097,-63.616672,26.760000,spain,2015,25
Lebanon,33.854721,35.862285,28.000000,bundes,2008,1
Lebanon,33.854721,35.862285,29.000000,bundes,2009,1
Lebanon,33.854721,35.862285,30.000000,bundes,2010,1
Belarus,53.709807,27.953389,27.000000,premier,2010,1
Belarus,53.709807,27.953389,23.000000,bundes,2010,1
Belarus,53.709807,27.953389,24.000000,bundes,2011,1
Belarus,53.709807,27.953389,25.000000,bundes,2012,1
Belarus,53.709807,27.953389,29.000000,seriea,2009,1
Belarus,53.709807,27.953389,30.000000,seriea,2010,1
Belarus,53.709807,27.953389,27.000000,spain,2015,1
Denmark,56.263920,9.501785,26.666667,premier,2008,3
Denmark,56.263920,9.501785,28.333333,premier,2009,3
Denmark,56.263920,9.501785,26.500000,premier,2010,2
Denmark,56.263920,9.501785,23.000000,premier,2011,1
Denmark,56.263920,9.501785,24.666667,premier,2013,3
Denmark,56.263920,9.501785,24.500000,premier,2014,2
Denmark,56.263920,9.501785,25.500000,premier,2015,2
Denmark,56.263920,9.501785,28.000000,bundes,2008,3
Denmark,56.263920,9.501785,28.500000,bundes,2009,2
Denmark,56.263920,9.501785,27.500000,bundes,2010,2
Denmark,56.263920,9.501785,23.250000,bundes,2011,4
Denmark,56.263920,9.501785,24.666667,bundes,2012,3
Denmark,56.263920,9.501785,25.666667,bundes,2013,3
Denmark,56.263920,9.501785,24.000000,bundes,2014,2
Denmark,56.263920,9.501785,22.750000,bundes,2015,4
Denmark,56.263920,9.501785,23.000000,seriea,2008,1
Denmark,56.263920,9.501785,24.500000,seriea,2009,2
Denmark,56.263920,9.501785,32.000000,seriea,2011,1
Denmark,56.263920,9.501785,25.000000,seriea,2012,3
Denmark,56.263920,9.501785,24.000000,seriea,2014,1
Denmark,56.263920,9.501785,28.000000,spain,2009,1
Denmark,56.263920,9.501785,26.000000,spain,2010,3
Denmark,56.263920,9.501785,29.000000,spain,2012,1
Denmark,56.263920,9.501785,30.500000,spain,2013,2
Denmark,56.263920,9.501785,31.000000,spain,2014,1
Denmark,56.263920,9.501785,32.000000,spain,2015,1
Central African Republic,6.611111,20.939444,23.000000,premier,2012,1
Central African Republic,6.611111,20.939444,24.000000,premier,2013,1
Central African Republic,6.611111,20.939444,25.000000,seriea,2014,1
Chile,-35.675147,-71.542969,25.000000,premier,2009,1
Chile,-35.675147,-71.542969,25.500000,premier,2010,2
Chile,-35.675147,-71.542969,28.333333,premier,2011,3
Chile,-35.675147,-71.542969,28.000000,premier,2012,1
Chile,-35.675147,-71.542969,26.000000,premier,2013,1
Chile,-35.675147,-71.542969,25.000000,premier,2014,3
Chile,-35.675147,-71.542969,26.000000,premier,2015,1
Chile,-35.675147,-71.542969,21.000000,bundes,2008,1
Chile,-35.675147,-71.542969,22.000000,bundes,2009,1
Chile,-35.675147,-71.542969,23.000000,bundes,2010,1
Chile,-35.675147,-71.542969,28.000000,bundes,2014,2
Chile,-35.675147,-71.542969,27.400000,bundes,2015,5
Chile,-35.675147,-71.542969,23.333333,seriea,2008,6
Chile,-35.675147,-71.542969,24.800000,seriea,2009,5
Chile,-35.675147,-71.542969,26.166667,seriea,2010,6
Chile,-35.675147,-71.542969,25.222222,seriea,2011,9
Chile,-35.675147,-71.542969,26.875000,seriea,2012,8
Chile,-35.675147,-71.542969,28.666667,seriea,2013,6
Chile,-35.675147,-71.542969,28.666667,seriea,2014,6
Chile,-35.675147,-71.542969,26.833333,seriea,2015,6
Chile,-35.675147,-71.542969,29.000000,spain,2008,1
Chile,-35.675147,-71.542969,26.500000,spain,2009,2
Chile,-35.675147,-71.542969,27.000000,spain,2010,4
Chile,-35.675147,-71.542969,26.500000,spain,2011,4
Chile,-35.675147,-71.542969,26.333333,spain,2012,6
Chile,-35.675147,-71.542969,26.833333,spain,2013,6
Chile,-35.675147,-71.542969,27.750000,spain,2014,4
Chile,-35.675147,-71.542969,28.600000,spain,2015,5
Germany,51.165691,10.451526,30.333333,premier,2008,3
Germany,51.165691,10.451526,27.333333,premier,2009,6
Germany,51.165691,10.451526,28.800000,premier,2010,5
Germany,51.165691,10.451526,29.000000,premier,2011,4
Germany,51.165691,10.451526,27.571429,premier,2012,7
Germany,51.165691,10.451526,27.000000,premier,2013,6
Germany,51.165691,10.451526,26.000000,premier,2014,7
Germany,51.165691,10.451526,26.363636,premier,2015,11
Germany,51.165691,10.451526,24.688889,bundes,2008,135
Germany,51.165691,10.451526,24.006897,bundes,2009,145
Germany,51.165691,10.451526,24.005495,bundes,2010,182
Germany,51.165691,10.451526,24.192513,bundes,2011,187
Germany,51.165691,10.451526,24.326087,bundes,2012,184
Germany,51.165691,10.451526,24.280000,bundes,2013,200
Germany,51.165691,10.451526,24.579235,bundes,2014,183
Germany,51.165691,10.451526,24.880000,bundes,2015,175
Germany,51.165691,10.451526,30.000000,seriea,2008,1
Germany,51.165691,10.451526,27.000000,seriea,2009,1
Germany,51.165691,10.451526,23.000000,seriea,2010,1
Germany,51.165691,10.451526,27.000000,seriea,2011,2
Germany,51.165691,10.451526,22.800000,seriea,2012,5
Germany,51.165691,10.451526,25.500000,seriea,2013,6
Germany,51.165691,10.451526,26.250000,seriea,2014,4
Germany,51.165691,10.451526,25.800000,seriea,2015,5
Germany,51.165691,10.451526,26.666667,spain,2008,3
Germany,51.165691,10.451526,28.000000,spain,2009,1
Germany,51.165691,10.451526,23.000000,spain,2010,1
Germany,51.165691,10.451526,23.500000,spain,2011,2
Germany,51.165691,10.451526,26.000000,spain,2012,3
Germany,51.165691,10.451526,27.000000,spain,2013,3
Germany,51.165691,10.451526,23.000000,spain,2014,4
Germany,51.165691,10.451526,26.200000,spain,2015,5
Hungary,47.162494,19.503304,27.666667,premier,2008,3
Hungary,47.162494,19.503304,28.000000,premier,2009,2
Hungary,47.162494,19.503304,27.000000,premier,2010,2
Hungary,47.162494,19.503304,28.250000,premier,2011,4
Hungary,47.162494,19.503304,33.000000,premier,2012,1
Hungary,47.162494,19.503304,34.000000,premier,2013,1
Hungary,47.162494,19.503304,28.000000,premier,2015,1
Hungary,47.162494,19.503304,28.250000,bundes,2008,4
Hungary,47.162494,19.503304,28.000000,bundes,2009,4
Hungary,47.162494,19.503304,25.500000,bundes,2010,2
Hungary,47.162494,19.503304,25.000000,bundes,2011,3
Hungary,47.162494,19.503304,26.200000,bundes,2012,5
Hungary,47.162494,19.503304,27.500000,bundes,2013,2
Hungary,47.162494,19.503304,25.500000,bundes,2014,2
Hungary,47.162494,19.503304,30.000000,bundes,2015,3
Hungary,47.162494,19.503304,24.000000,seriea,2008,1
Hungary,47.162494,19.503304,22.500000,seriea,2009,2
Hungary,47.162494,19.503304,23.400000,seriea,2010,5
Hungary,47.162494,19.503304,27.000000,seriea,2011,1
Hungary,47.162494,19.503304,27.500000,seriea,2012,2
Hungary,47.162494,19.503304,29.000000,seriea,2013,1
Hungary,47.162494,19.503304,23.000000,spain,2008,1
Hungary,47.162494,19.503304,24.000000,spain,2009,1
Hungary,47.162494,19.503304,23.500000,spain,2010,2
Hungary,47.162494,19.503304,23.000000,spain,2011,1
Hungary,47.162494,19.503304,24.000000,spain,2012,1
Costa Rica,9.748917,-83.753428,26.000000,premier,2011,1
Costa Rica,9.748917,-83.753428,24.500000,premier,2012,2
Costa Rica,9.748917,-83.753428,25.500000,premier,2013,2
Costa Rica,9.748917,-83.753428,24.000000,premier,2014,2
Costa Rica,9.748917,-83.753428,24.000000,premier,2015,2
Costa Rica,9.748917,-83.753428,29.000000,bundes,2008,1
Costa Rica,9.748917,-83.753428,30.000000,bundes,2009,1
Costa Rica,9.748917,-83.753428,31.000000,bundes,2010,1
Costa Rica,9.748917,-83.753428,32.000000,bundes,2011,1
Costa Rica,9.748917,-83.753428,31.000000,bundes,2012,2
Costa Rica,9.748917,-83.753428,30.000000,bundes,2013,1
Costa Rica,9.748917,-83.753428,31.000000,bundes,2014,1
Costa Rica,9.748917,-83.753428,32.000000,bundes,2015,1
Costa Rica,9.748917,-83.753428,30.000000,seriea,2010,1
Costa Rica,9.748917,-83.753428,26.000000,seriea,2014,1
Costa Rica,9.748917,-83.753428,27.000000,seriea,2015,1
Costa Rica,9.748917,-83.753428,24.000000,spain,2011,1
Costa Rica,9.748917,-83.753428,22.500000,spain,2012,2
Costa Rica,9.748917,-83.753428,26.000000,spain,2013,1
Costa Rica,9.748917,-83.753428,25.000000,spain,2014,3
Costa Rica,9.748917,-83.753428,27.500000,spain,2015,2
South Korea,35.907757,127.766922,26.750000,premier,2008,4
South Korea,35.907757,127.766922,25.000000,premier,2009,3
South Korea,35.907757,127.766922,25.500000,premier,2010,2
South Korea,35.907757,127.766922,30.000000,premier,2011,1
South Korea,35.907757,127.766922,27.000000,premier,2012,2
South Korea,35.907757,127.766922,23.500000,premier,2013,2
South Korea,35.907757,127.766922,25.000000,premier,2014,3
South Korea,35.907757,127.766922,25.333333,premier,2015,3
South Korea,35.907757,127.766922,31.000000,bundes,2008,1
South Korea,35.907757,127.766922,19.500000,bundes,2010,2
South Korea,35.907757,127.766922,20.500000,bundes,2011,2
South Korea,35.907757,127.766922,20.333333,bundes,2012,3
South Korea,35.907757,127.766922,23.750000,bundes,2013,4
South Korea,35.907757,127.766922,24.200000,bundes,2014,5
South Korea,35.907757,127.766922,25.200000,bundes,2015,5
South Korea,35.907757,127.766922,27.000000,spain,2012,1
Ireland,53.412910,-8.243890,25.750000,premier,2008,8
Ireland,53.412910,-8.243890,26.785714,premier,2009,14
Ireland,53.412910,-8.243890,27.909091,premier,2010,11
Ireland,53.412910,-8.243890,28.545455,premier,2011,11
Ireland,53.412910,-8.243890,30.500000,premier,2012,6
Ireland,53.412910,-8.243890,26.571429,premier,2013,7
Ireland,53.412910,-8.243890,29.625000,premier,2014,8
Ireland,53.412910,-8.243890,30.800000,premier,2015,5
Belgium,50.503887,4.469936,23.600000,premier,2008,5
Belgium,50.503887,4.469936,22.333333,premier,2009,6
Belgium,50.503887,4.469936,23.857143,premier,2010,7
Belgium,50.503887,4.469936,22.166667,premier,2011,6
Belgium,50.503887,4.469936,23.571429,premier,2012,7
Belgium,50.503887,4.469936,23.454545,premier,2013,11
Belgium,50.503887,4.469936,24.333333,premier,2014,12
Belgium,50.503887,4.469936,24.769231,premier,2015,13
Belgium,50.503887,4.469936,27.000000,bundes,2008,3
Belgium,50.503887,4.469936,29.250000,bundes,2009,4
Belgium,50.503887,4.469936,30.000000,bundes,2010,4
Belgium,50.503887,4.469936,33.000000,bundes,2011,3
Belgium,50.503887,4.469936,28.000000,bundes,2012,6
Belgium,50.503887,4.469936,27.600000,bundes,2013,5
Belgium,50.503887,4.469936,22.000000,bundes,2014,3
Belgium,50.503887,4.469936,23.000000,bundes,2015,3
Belgium,50.503887,4.469936,25.500000,seriea,2009,2
Belgium,50.503887,4.469936,27.666667,seriea,2010,3
Belgium,50.503887,4.469936,28.666667,seriea,2011,3
Belgium,50.503887,4.469936,27.750000,seriea,2012,4
Belgium,50.503887,4.469936,26.750000,seriea,2013,4
Belgium,50.503887,4.469936,26.800000,seriea,2014,5
Belgium,50.503887,4.469936,27.500000,seriea,2015,2
Belgium,50.503887,4.469936,22.000000,spain,2008,1
Belgium,50.503887,4.469936,21.000000,spain,2011,2
Belgium,50.503887,4.469936,20.000000,spain,2012,1
Belgium,50.503887,4.469936,21.000000,spain,2013,1
Belgium,50.503887,4.469936,28.000000,spain,2014,1
Belgium,50.503887,4.469936,22.333333,spain,2015,3
Turkey,38.963745,35.243322,28.666667,bundes,2008,3
Turkey,38.963745,35.243322,20.000000,seriea,2014,1
Turkey,38.963745,35.243322,28.000000,spain,2008,1
Turkey,38.963745,35.243322,24.000000,spain,2010,1
Turkey,38.963745,35.243322,24.500000,spain,2011,2
Turkey,38.963745,35.243322,28.500000,spain,2012,2
Turkey,38.963745,35.243322,26.000000,spain,2013,1
Turkey,38.963745,35.243322,27.000000,spain,2014,1
Turkey,38.963745,35.243322,28.000000,spain,2015,1
Namibia,-22.957640,18.490410,30.000000,bundes,2008,1
Namibia,-22.957640,18.490410,32.000000,bundes,2010,1
Angola,-11.202692,17.873887,27.000000,bundes,2011,1
Angola,-11.202692,17.873887,28.000000,bundes,2012,1
Angola,-11.202692,17.873887,28.000000,seriea,2009,1
Angola,-11.202692,17.873887,19.000000,seriea,2010,1
Angola,-11.202692,17.873887,20.000000,seriea,2011,1
Angola,-11.202692,17.873887,21.000000,seriea,2012,1
Angola,-11.202692,17.873887,22.000000,seriea,2013,1
Angola,-11.202692,17.873887,23.000000,seriea,2014,1
Ghana,7.946527,-1.023194,27.000000,premier,2008,3
Ghana,7.946527,-1.023194,26.000000,premier,2009,2
Ghana,7.946527,-1.023194,27.500000,premier,2010,4
Ghana,7.946527,-1.023194,24.000000,premier,2011,3
Ghana,7.946527,-1.023194,23.000000,premier,2012,2
Ghana,7.946527,-1.023194,29.000000,premier,2013,3
Ghana,7.946527,-1.023194,22.000000,premier,2014,1
Ghana,7.946527,-1.023194,25.000000,premier,2015,2
Ghana,7.946527,-1.023194,27.600000,bundes,2008,5
Ghana,7.946527,-1.023194,26.600000,bundes,2009,5
Ghana,7.946527,-1.023194,27.200000,bundes,2010,5
Ghana,7.946527,-1.023194,23.000000,bundes,2011,1
Ghana,7.946527,-1.023194,25.500000,bundes,2012,2
Ghana,7.946527,-1.023194,20.000000,bundes,2014,1
Ghana,7.946527,-1.023194,24.000000,bundes,2015,1
Ghana,7.946527,-1.023194,21.000000,seriea,2008,2
Ghana,7.946527,-1.023194,24.000000,seriea,2009,2
Ghana,7.946527,-1.023194,21.750000,seriea,2010,4
Ghana,7.946527,-1.023194,20.000000,seriea,2011,4
Ghana,7.946527,-1.023194,20.833333,seriea,2012,6
Ghana,7.946527,-1.023194,22.500000,seriea,2013,8
Ghana,7.946527,-1.023194,22.363636,seriea,2014,11
Ghana,7.946527,-1.023194,22.875000,seriea,2015,8
Ghana,7.946527,-1.023194,26.000000,spain,2009,1
Ghana,7.946527,-1.023194,23.500000,spain,2010,2
Ghana,7.946527,-1.023194,21.000000,spain,2011,1
Ghana,7.946527,-1.023194,24.250000,spain,2012,4
Ghana,7.946527,-1.023194,20.000000,spain,2013,1
Ghana,7.946527,-1.023194,31.000000,spain,2014,1
Ghana,7.946527,-1.023194,24.000000,spain,2015,2
Israel,31.046051,34.851612,25.000000,premier,2008,2
Israel,31.046051,34.851612,26.000000,premier,2009,2
Israel,31.046051,34.851612,27.000000,premier,2010,2
Israel,31.046051,34.851612,27.500000,premier,2012,2
Israel,31.046051,34.851612,25.000000,bundes,2008,1
Israel,31.046051,34.851612,22.000000,bundes,2010,1
Israel,31.046051,34.851612,23.500000,bundes,2011,2
Israel,31.046051,34.851612,24.000000,bundes,2012,1
Israel,31.046051,34.851612,27.000000,bundes,2015,1
Israel,31.046051,34.851612,24.000000,seriea,2011,1
Israel,31.046051,34.851612,20.000000,spain,2009,1
Iran,32.427908,53.688046,26.000000,premier,2012,1
Iran,32.427908,53.688046,27.000000,premier,2013,1
Iran,32.427908,53.688046,27.000000,bundes,2008,2
Iran,32.427908,53.688046,28.000000,bundes,2009,2
Iran,32.427908,53.688046,24.000000,bundes,2010,1
Iran,32.427908,53.688046,25.000000,bundes,2011,1
Iran,32.427908,53.688046,26.000000,bundes,2012,1
Iran,32.427908,53.688046,25.500000,spain,2008,2
Iran,32.427908,53.688046,26.500000,spain,2009,2
Iran,32.427908,53.688046,27.500000,spain,2010,2
Iran,32.427908,53.688046,30.000000,spain,2011,1
Iran,32.427908,53.688046,28.000000,spain,2012,1
Bulgaria,42.733883,25.485830,26.750000,premier,2008,4
Bulgaria,42.733883,25.485830,29.333333,premier,2009,3
Bulgaria,42.733883,25.485830,30.333333,premier,2010,3
Bulgaria,42.733883,25.485830,31.333333,premier,2011,3
Bulgaria,42.733883,25.485830,28.500000,premier,2012,2
Bulgaria,42.733883,25.485830,27.500000,premier,2013,2
Bulgaria,42.733883,25.485830,26.333333,bundes,2008,3
Bulgaria,42.733883,25.485830,26.000000,bundes,2009,1
Bulgaria,42.733883,25.485830,23.000000,seriea,2009,1
Bulgaria,42.733883,25.485830,24.000000,seriea,2010,1
Bulgaria,42.733883,25.485830,25.000000,seriea,2011,1
Bulgaria,42.733883,25.485830,25.000000,seriea,2015,1
Bulgaria,42.733883,25.485830,24.000000,spain,2014,1
Bulgaria,42.733883,25.485830,25.000000,spain,2015,1
Algeria,28.033886,1.659626,19.000000,premier,2009,1
Algeria,28.033886,1.659626,28.000000,seriea,2008,1
Algeria,28.033886,1.659626,25.000000,seriea,2010,1
Algeria,28.033886,1.659626,22.500000,seriea,2011,2
Algeria,28.033886,1.659626,23.500000,seriea,2012,2
Algeria,28.033886,1.659626,24.500000,seriea,2013,2
Algeria,28.033886,1.659626,25.500000,seriea,2014,2
Algeria,28.033886,1.659626,30.000000,seriea,2015,1
Cape Verde,16.002082,-24.013197,28.000000,seriea,2012,2
Cape Verde,16.002082,-24.013197,28.000000,seriea,2013,1
Cape Verde,16.002082,-24.013197,25.000000,spain,2008,1
Cape Verde,16.002082,-24.013197,27.000000,spain,2010,1
Cape Verde,16.002082,-24.013197,28.000000,spain,2011,1
Cape Verde,16.002082,-24.013197,29.000000,spain,2012,1
Cape Verde,16.002082,-24.013197,30.000000,spain,2013,1
Japan,36.204824,138.252924,18.000000,premier,2011,1
Japan,36.204824,138.252924,23.500000,premier,2012,2
Japan,36.204824,138.252924,24.500000,premier,2013,2
Japan,36.204824,138.252924,26.000000,premier,2014,1
Japan,36.204824,138.252924,28.000000,premier,2015,2
Japan,36.204824,138.252924,27.333333,bundes,2008,3
Japan,36.204824,138.252924,27.500000,bundes,2009,2
Japan,36.204824,138.252924,23.666667,bundes,2010,6
Japan,36.204824,138.252924,23.500000,bundes,2011,6
Japan,36.204824,138.252924,23.888889,bundes,2012,9
Japan,36.204824,138.252924,25.571429,bundes,2013,7
Japan,36.204824,138.252924,25.800000,bundes,2014,10
Japan,36.204824,138.252924,25.750000,bundes,2015,8
Japan,36.204824,138.252924,27.000000,spain,2014,1
Japan,36.204824,138.252924,27.000000,spain,2015,1
Morocco,31.791702,-7.092620,22.000000,premier,2011,1
Morocco,31.791702,-7.092620,23.000000,premier,2012,1
Morocco,31.791702,-7.092620,24.000000,premier,2013,1
Morocco,31.791702,-7.092620,25.000000,premier,2014,1
Morocco,31.791702,-7.092620,25.000000,bundes,2008,1
Morocco,31.791702,-7.092620,26.000000,bundes,2009,1
Morocco,31.791702,-7.092620,25.000000,bundes,2013,1
Morocco,31.791702,-7.092620,26.000000,bundes,2014,1
Morocco,31.791702,-7.092620,27.000000,bundes,2015,1
Morocco,31.791702,-7.092620,24.000000,seriea,2013,1
Morocco,31.791702,-7.092620,23.500000,seriea,2014,2
Morocco,31.791702,-7.092620,22.000000,seriea,2015,2
Morocco,31.791702,-7.092620,26.000000,spain,2013,1
Morocco,31.791702,-7.092620,27.000000,spain,2014,1
Morocco,31.791702,-7.092620,26.000000,spain,2015,1
China,35.861660,104.195397,28.000000,bundes,2008,1
China,35.861660,104.195397,22.000000,bundes,2009,1
China,35.861660,104.195397,23.000000,bundes,2010,1
Guinea,9.945587,-9.696645,23.000000,premier,2008,1
Guinea,9.945587,-9.696645,24.000000,premier,2009,1
Guinea,9.945587,-9.696645,25.000000,premier,2012,1
Guinea,9.945587,-9.696645,26.000000,premier,2013,1
Guinea,9.945587,-9.696645,22.000000,bundes,2010,1
Guinea,9.945587,-9.696645,23.000000,seriea,2010,1
Guinea,9.945587,-9.696645,18.000000,seriea,2015,1
Guinea,9.945587,-9.696645,23.000000,spain,2008,2
Guinea,9.945587,-9.696645,24.000000,spain,2009,2
Guinea,9.945587,-9.696645,21.500000,spain,2011,2
Guinea,9.945587,-9.696645,20.000000,spain,2012,1
Guinea,9.945587,-9.696645,21.000000,spain,2013,1
Guinea,9.945587,-9.696645,22.000000,spain,2014,1
Guinea,9.945587,-9.696645,23.000000,spain,2015,1
Finland,61.924110,25.748151,21.000000,bundes,2009,1
Finland,61.924110,25.748151,21.000000,bundes,2011,1
Finland,61.924110,25.748151,22.000000,bundes,2012,1
Finland,61.924110,25.748151,23.000000,spain,2011,1
France,46.227638,2.213749,25.242424,premier,2008,33
France,46.227638,2.213749,25.882353,premier,2009,34
France,46.227638,2.213749,26.486486,premier,2010,37
France,46.227638,2.213749,26.322581,premier,2011,31
France,46.227638,2.213749,26.305556,premier,2012,36
France,46.227638,2.213749,26.268293,premier,2013,41
France,46.227638,2.213749,26.243902,premier,2014,41
France,46.227638,2.213749,26.642857,premier,2015,42
France,46.227638,2.213749,26.416667,bundes,2008,12
France,46.227638,2.213749,26.375000,bundes,2009,16
France,46.227638,2.213749,28.461538,bundes,2010,13
France,46.227638,2.213749,25.571429,bundes,2011,7
France,46.227638,2.213749,26.600000,bundes,2012,5
France,46.227638,2.213749,25.000000,bundes,2013,8
France,46.227638,2.213749,26.100000,bundes,2014,10
France,46.227638,2.213749,26.200000,bundes,2015,10
France,46.227638,2.213749,25.272727,seriea,2008,11
France,46.227638,2.213749,25.923077,seriea,2009,13
France,46.227638,2.213749,24.937500,seriea,2010,16
France,46.227638,2.213749,25.230769,seriea,2011,13
France,46.227638,2.213749,25.437500,seriea,2012,16
France,46.227638,2.213749,25.705882,seriea,2013,17
France,46.227638,2.213749,25.576923,seriea,2014,26
France,46.227638,2.213749,25.384615,seriea,2015,26
France,46.227638,2.213749,28.187500,spain,2008,16
France,46.227638,2.213749,27.357143,spain,2009,14
France,46.227638,2.213749,26.684211,spain,2010,19
France,46.227638,2.213749,25.120000,spain,2011,25
France,46.227638,2.213749,24.347826,spain,2012,23
France,46.227638,2.213749,24.880000,spain,2013,25
France,46.227638,2.213749,25.285714,spain,2014,21
France,46.227638,2.213749,26.440000,spain,2015,25
Burundi,-3.373056,29.918886,18.000000,premier,2012,1
Burundi,-3.373056,29.918886,20.000000,premier,2013,1
Burundi,-3.373056,29.918886,21.000000,premier,2014,1
Burundi,-3.373056,29.918886,22.000000,premier,2015,1
Norway,60.472024,8.468946,29.500000,premier,2008,2
Norway,60.472024,8.468946,31.000000,premier,2009,3
Norway,60.472024,8.468946,31.000000,premier,2010,1
Norway,60.472024,8.468946,31.000000,premier,2011,1
Norway,60.472024,8.468946,32.000000,premier,2012,1
Norway,60.472024,8.468946,28.500000,premier,2013,2
Norway,60.472024,8.468946,23.000000,premier,2015,1
Norway,60.472024,8.468946,24.000000,bundes,2010,1
Norway,60.472024,8.468946,24.500000,bundes,2011,2
Norway,60.472024,8.468946,24.000000,bundes,2012,3
Norway,60.472024,8.468946,24.666667,bundes,2013,3
Norway,60.472024,8.468946,27.000000,bundes,2014,1
Norway,60.472024,8.468946,28.000000,bundes,2015,1
Norway,60.472024,8.468946,28.000000,seriea,2008,1
Norway,60.472024,8.468946,29.000000,seriea,2009,1
Norway,60.472024,8.468946,28.000000,seriea,2010,2
Austria,47.516231,14.550072,26.500000,premier,2008,2
Austria,47.516231,14.550072,28.000000,premier,2009,2
Austria,47.516231,14.550072,30.000000,premier,2010,1
Austria,47.516231,14.550072,22.666667,premier,2011,3
Austria,47.516231,14.550072,25.000000,premier,2012,4
Austria,47.516231,14.550072,23.000000,premier,2013,2
Austria,47.516231,14.550072,24.000000,premier,2014,2
Austria,47.516231,14.550072,25.666667,premier,2015,3
Austria,47.516231,14.550072,23.666667,bundes,2008,3
Austria,47.516231,14.550072,23.000000,bundes,2009,6
Austria,47.516231,14.550072,24.444444,bundes,2010,9
Austria,47.516231,14.550072,24.900000,bundes,2011,10
Austria,47.516231,14.550072,26.636364,bundes,2012,11
Austria,47.516231,14.550072,26.555556,bundes,2013,9
Austria,47.516231,14.550072,27.000000,bundes,2014,8
Austria,47.516231,14.550072,27.000000,bundes,2015,10
Austria,47.516231,14.550072,31.000000,seriea,2008,1
Austria,47.516231,14.550072,26.000000,seriea,2009,2
Austria,47.516231,14.550072,18.000000,seriea,2012,1
Austria,47.516231,14.550072,22.000000,seriea,2013,2
Austria,47.516231,14.550072,20.000000,seriea,2014,1
Austria,47.516231,14.550072,24.000000,seriea,2015,1
Austria,47.516231,14.550072,29.000000,spain,2013,1
Austria,47.516231,14.550072,30.000000,spain,2014,1
Austria,47.516231,14.550072,21.000000,spain,2015,1
Spain,40.463667,-3.749220,24.909091,premier,2008,11
Spain,40.463667,-3.749220,25.222222,premier,2009,9
Spain,40.463667,-3.749220,25.000000,premier,2010,10
Spain,40.463667,-3.749220,24.250000,premier,2011,16
Spain,40.463667,-3.749220,25.500000,premier,2012,18
Spain,40.463667,-3.749220,25.423077,premier,2013,26
Spain,40.463667,-3.749220,25.280000,premier,2014,25
Spain,40.463667,-3.749220,25.592593,premier,2015,27
Spain,40.463667,-3.749220,26.000000,bundes,2010,3
Spain,40.463667,-3.749220,28.200000,bundes,2011,5
Spain,40.463667,-3.749220,24.250000,bundes,2012,4
Spain,40.463667,-3.749220,24.500000,bundes,2013,2
Spain,40.463667,-3.749220,25.555556,bundes,2014,9
Spain,40.463667,-3.749220,26.000000,bundes,2015,6
Spain,40.463667,-3.749220,28.500000,seriea,2008,2
Spain,40.463667,-3.749220,26.000000,seriea,2009,3
Spain,40.463667,-3.749220,21.750000,seriea,2010,4
Spain,40.463667,-3.749220,23.600000,seriea,2011,5
Spain,40.463667,-3.749220,23.833333,seriea,2012,6
Spain,40.463667,-3.749220,26.250000,seriea,2013,12
Spain,40.463667,-3.749220,26.200000,seriea,2014,15
Spain,40.463667,-3.749220,26.055556,seriea,2015,18
Spain,40.463667,-3.749220,25.880184,spain,2008,217
Spain,40.463667,-3.749220,25.536797,spain,2009,231
Spain,40.463667,-3.749220,25.444444,spain,2010,243
Spain,40.463667,-3.749220,25.792373,spain,2011,236
Spain,40.463667,-3.749220,26.205357,spain,2012,224
Spain,40.463667,-3.749220,26.077922,spain,2013,231
Spain,40.463667,-3.749220,26.000000,spain,2014,224
Spain,40.463667,-3.749220,26.319635,spain,2015,219
United States,37.090240,-95.712891,31.000000,premier,2008,3
United States,37.090240,-95.712891,30.750000,premier,2009,4
United States,37.090240,-95.712891,32.000000,premier,2010,4
United States,37.090240,-95.712891,28.125000,premier,2011,8
United States,37.090240,-95.712891,32.000000,premier,2012,5
United States,37.090240,-95.712891,33.000000,premier,2013,5
United States,37.090240,-95.712891,31.750000,premier,2014,4
United States,37.090240,-95.712891,32.750000,premier,2015,4
United States,37.090240,-95.712891,25.000000,bundes,2008,2
United States,37.090240,-95.712891,26.000000,bundes,2009,2
United States,37.090240,-95.712891,27.000000,bundes,2010,2
United States,37.090240,-95.712891,32.000000,bundes,2011,1
United States,37.090240,-95.712891,30.500000,bundes,2012,2
United States,37.090240,-95.712891,34.000000,bundes,2013,1
United States,37.090240,-95.712891,24.000000,bundes,2015,1
United States,37.090240,-95.712891,24.000000,seriea,2011,1
United States,37.090240,-95.712891,25.000000,seriea,2012,1
United States,37.090240,-95.712891,26.000000,seriea,2013,2
United States,37.090240,-95.712891,28.000000,seriea,2015,1
United States,37.090240,-95.712891,21.000000,spain,2008,1
United States,37.090240,-95.712891,22.000000,spain,2009,1
United States,37.090240,-95.712891,23.000000,spain,2010,1
United States,37.090240,-95.712891,24.000000,spain,2011,1
United States,37.090240,-95.712891,30.000000,spain,2012,1
United States,37.090240,-95.712891,27.000000,spain,2015,2
Oman,21.512583,55.923255,28.000000,premier,2010,1
Oman,21.512583,55.923255,29.000000,premier,2011,1
Oman,21.512583,55.923255,30.000000,premier,2012,1
Netherlands,52.132633,5.291266,25.916667,premier,2008,12
Netherlands,52.132633,5.291266,28.375000,premier,2009,8
Netherlands,52.132633,5.291266,26.800000,premier,2010,10
Netherlands,52.132633,5.291266,26.444444,premier,2011,9
Netherlands,52.132633,5.291266,25.250000,premier,2012,12
Netherlands,52.132633,5.291266,26.461538,premier,2013,13
Netherlands,52.132633,5.291266,26.083333,premier,2014,12
Netherlands,52.132633,5.291266,25.947368,premier,2015,19
Netherlands,52.132633,5.291266,27.875000,bundes,2008,8
Netherlands,52.132633,5.291266,28.000000,bundes,2009,6
Netherlands,52.132633,5.291266,27.000000,bundes,2010,6
Netherlands,52.132633,5.291266,26.285714,bundes,2011,7
Netherlands,52.132633,5.291266,26.750000,bundes,2012,8
Netherlands,52.132633,5.291266,27.714286,bundes,2013,7
Netherlands,52.132633,5.291266,29.428571,bundes,2014,7
Netherlands,52.132633,5.291266,28.750000,bundes,2015,8
Netherlands,52.132633,5.291266,25.500000,seriea,2009,2
Netherlands,52.132633,5.291266,25.000000,seriea,2010,2
Netherlands,52.132633,5.291266,25.000000,seriea,2011,4
Netherlands,52.132633,5.291266,27.800000,seriea,2012,5
Netherlands,52.132633,5.291266,26.000000,seriea,2013,3
Netherlands,52.132633,5.291266,25.750000,seriea,2014,4
Netherlands,52.132633,5.291266,24.571429,seriea,2015,7
Netherlands,52.132633,5.291266,24.142857,spain,2008,7
Netherlands,52.132633,5.291266,24.000000,spain,2009,3
Netherlands,52.132633,5.291266,24.142857,spain,2010,7
Netherlands,52.132633,5.291266,25.800000,spain,2011,5
Netherlands,52.132633,5.291266,27.500000,spain,2012,2
Netherlands,52.132633,5.291266,25.666667,spain,2013,3
Netherlands,52.132633,5.291266,25.000000,spain,2014,2
Netherlands,52.132633,5.291266,25.600000,spain,2015,5
Slovakia,48.669026,19.699024,24.000000,premier,2008,2
Slovakia,48.669026,19.699024,21.500000,premier,2009,2
Slovakia,48.669026,19.699024,26.000000,premier,2010,2
Slovakia,48.669026,19.699024,26.000000,premier,2011,1
Slovakia,48.669026,19.699024,27.000000,premier,2012,1
Slovakia,48.669026,19.699024,28.000000,premier,2013,1
Slovakia,48.669026,19.699024,29.000000,premier,2014,1
Slovakia,48.669026,19.699024,30.000000,premier,2015,1
Slovakia,48.669026,19.699024,21.000000,bundes,2008,1
Slovakia,48.669026,19.699024,29.000000,bundes,2009,4
Slovakia,48.669026,19.699024,26.200000,bundes,2010,5
Slovakia,48.669026,19.699024,25.500000,bundes,2011,2
Slovakia,48.669026,19.699024,26.500000,bundes,2012,2
Slovakia,48.669026,19.699024,24.000000,bundes,2013,2
Slovakia,48.669026,19.699024,28.000000,bundes,2014,2
Slovakia,48.669026,19.699024,29.000000,bundes,2015,2
Slovakia,48.669026,19.699024,23.000000,seriea,2008,2
Slovakia,48.669026,19.699024,25.000000,seriea,2009,1
Slovakia,48.669026,19.699024,25.000000,seriea,2010,3
Slovakia,48.669026,19.699024,27.000000,seriea,2011,3
Slovakia,48.669026,19.699024,25.750000,seriea,2012,4
Slovakia,48.669026,19.699024,28.500000,seriea,2013,4
Slovakia,48.669026,19.699024,29.000000,seriea,2014,3
Slovakia,48.669026,19.699024,27.500000,seriea,2015,4
Slovakia,48.669026,19.699024,28.000000,spain,2008,1
Slovakia,48.669026,19.699024,21.000000,spain,2011,1
El Salvador,13.794185,-88.896530,29.000000,seriea,2009,1
Slovenia,46.151241,14.995463,28.000000,premier,2008,1
Slovenia,46.151241,14.995463,33.000000,premier,2013,1
Slovenia,46.151241,14.995463,26.500000,bundes,2008,2
Slovenia,46.151241,14.995463,26.333333,bundes,2009,3
Slovenia,46.151241,14.995463,28.500000,bundes,2010,2
Slovenia,46.151241,14.995463,29.500000,bundes,2011,2
Slovenia,46.151241,14.995463,27.500000,bundes,2014,2
Slovenia,46.151241,14.995463,26.000000,bundes,2015,1
Slovenia,46.151241,14.995463,21.000000,seriea,2009,2
Slovenia,46.151241,14.995463,21.333333,seriea,2010,3
Slovenia,46.151241,14.995463,23.000000,seriea,2011,4
Slovenia,46.151241,14.995463,23.000000,seriea,2012,4
Slovenia,46.151241,14.995463,24.333333,seriea,2013,3
Slovenia,46.151241,14.995463,24.000000,seriea,2014,3
Slovenia,46.151241,14.995463,26.250000,seriea,2015,4
Slovenia,46.151241,14.995463,25.000000,spain,2008,1
Slovenia,46.151241,14.995463,27.000000,spain,2013,1
Slovenia,46.151241,14.995463,24.333333,spain,2014,3
Slovenia,46.151241,14.995463,25.333333,spain,2015,3
Sweden,60.128161,18.643501,24.000000,premier,2008,3
Sweden,60.128161,18.643501,25.750000,premier,2009,4
Sweden,60.128161,18.643501,25.750000,premier,2010,4
Sweden,60.128161,18.643501,24.000000,premier,2011,5
Sweden,60.128161,18.643501,26.750000,premier,2012,4
Sweden,60.128161,18.643501,28.000000,premier,2013,6
Sweden,60.128161,18.643501,30.000000,premier,2014,2
Sweden,60.128161,18.643501,28.800000,premier,2015,5
Sweden,60.128161,18.643501,26.666667,bundes,2008,3
Sweden,60.128161,18.643501,26.000000,bundes,2009,6
Sweden,60.128161,18.643501,25.000000,bundes,2010,2
Sweden,60.128161,18.643501,25.200000,bundes,2011,5
Sweden,60.128161,18.643501,27.333333,bundes,2012,3
Sweden,60.128161,18.643501,29.000000,bundes,2013,2
Sweden,60.128161,18.643501,25.666667,bundes,2014,3
Sweden,60.128161,18.643501,26.500000,bundes,2015,4
Sweden,60.128161,18.643501,26.333333,seriea,2008,3
Sweden,60.128161,18.643501,21.500000,seriea,2009,2
Sweden,60.128161,18.643501,24.333333,seriea,2010,3
Sweden,60.128161,18.643501,25.666667,seriea,2011,6
Sweden,60.128161,18.643501,25.714286,seriea,2012,7
Sweden,60.128161,18.643501,27.800000,seriea,2013,5
Sweden,60.128161,18.643501,23.200000,seriea,2014,5
Sweden,60.128161,18.643501,23.800000,seriea,2015,5
Sweden,60.128161,18.643501,23.666667,spain,2008,3
Sweden,60.128161,18.643501,25.250000,spain,2009,4
Sweden,60.128161,18.643501,27.750000,spain,2010,4
Sweden,60.128161,18.643501,29.500000,spain,2011,2
Sweden,60.128161,18.643501,27.500000,spain,2012,2
Sweden,60.128161,18.643501,28.500000,spain,2013,2
Sweden,60.128161,18.643501,32.000000,spain,2014,1
Sweden,60.128161,18.643501,27.000000,spain,2015,2
Kazakhstan,48.019573,66.923684,23.000000,bundes,2009,1
Kazakhstan,48.019573,66.923684,24.000000,bundes,2010,1
Kazakhstan,48.019573,66.923684,25.000000,bundes,2011,1
Kazakhstan,48.019573,66.923684,26.000000,bundes,2012,1
Kazakhstan,48.019573,66.923684,27.000000,bundes,2015,1
Kazakhstan,48.019573,66.923684,18.000000,seriea,2010,1
Kazakhstan,48.019573,66.923684,19.000000,seriea,2011,1
Kazakhstan,48.019573,66.923684,20.000000,seriea,2012,1
Kazakhstan,48.019573,66.923684,23.000000,seriea,2015,1
Mozambique,-18.665695,35.529562,28.000000,spain,2008,1
Mozambique,-18.665695,35.529562,29.000000,spain,2009,1
Mozambique,-18.665695,35.529562,30.000000,spain,2010,1
Mozambique,-18.665695,35.529562,28.000000,spain,2012,2
Mozambique,-18.665695,35.529562,29.000000,spain,2013,2
Mozambique,-18.665695,35.529562,26.000000,spain,2014,1
Mozambique,-18.665695,35.529562,27.000000,spain,2015,1
United Kingdom,55.378051,-3.435973,25.269006,premier,2008,171
United Kingdom,55.378051,-3.435973,25.759358,premier,2009,187
United Kingdom,55.378051,-3.435973,25.798913,premier,2010,184
United Kingdom,55.378051,-3.435973,26.080402,premier,2011,199
United Kingdom,55.378051,-3.435973,25.978495,premier,2012,186
United Kingdom,55.378051,-3.435973,26.308140,premier,2013,172
United Kingdom,55.378051,-3.435973,26.421053,premier,2014,171
United Kingdom,55.378051,-3.435973,26.227273,premier,2015,154
United Kingdom,55.378051,-3.435973,30.000000,bundes,2008,1
United Kingdom,55.378051,-3.435973,31.000000,bundes,2009,1
United Kingdom,55.378051,-3.435973,23.000000,bundes,2011,1
United Kingdom,55.378051,-3.435973,24.000000,bundes,2012,1
United Kingdom,55.378051,-3.435973,25.000000,bundes,2013,1
United Kingdom,55.378051,-3.435973,19.000000,bundes,2014,1
United Kingdom,55.378051,-3.435973,20.000000,bundes,2015,1
United Kingdom,55.378051,-3.435973,32.000000,seriea,2008,2
United Kingdom,55.378051,-3.435973,33.000000,seriea,2009,2
United Kingdom,55.378051,-3.435973,33.000000,seriea,2010,1
United Kingdom,55.378051,-3.435973,34.000000,seriea,2011,1
United Kingdom,55.378051,-3.435973,35.000000,seriea,2012,1
United Kingdom,55.378051,-3.435973,29.500000,seriea,2014,2
United Kingdom,55.378051,-3.435973,20.000000,seriea,2015,1
United Kingdom,55.378051,-3.435973,26.000000,spain,2009,1
United Kingdom,55.378051,-3.435973,24.000000,spain,2011,1
United Kingdom,55.378051,-3.435973,25.666667,spain,2012,3
United Kingdom,55.378051,-3.435973,23.333333,spain,2013,3
United Kingdom,55.378051,-3.435973,24.500000,spain,2014,4
United Kingdom,55.378051,-3.435973,25.333333,spain,2015,3
Honduras,15.199999,-86.241905,24.000000,premier,2008,1
Honduras,15.199999,-86.241905,24.500000,premier,2009,2
Honduras,15.199999,-86.241905,25.500000,premier,2010,2
Honduras,15.199999,-86.241905,27.000000,premier,2011,1
Honduras,15.199999,-86.241905,25.000000,premier,2012,1
Honduras,15.199999,-86.241905,29.000000,premier,2013,1
Honduras,15.199999,-86.241905,29.000000,seriea,2009,1
Honduras,15.199999,-86.241905,30.000000,seriea,2010,1
Honduras,15.199999,-86.241905,31.000000,seriea,2011,1
