country,league,lat,long,age,players
Singapore,premier,1.352083,103.819836,0.000000,0
Singapore,bundes,1.352083,103.819836,0.000000,0
Singapore,seriea,1.352083,103.819836,0.000000,0
Singapore,spain,1.352083,103.819836,0.000000,0
Belarus,premier,53.709807,27.953389,33.000000,1
Belarus,bundes,53.709807,27.953389,29.000000,1
Belarus,seriea,53.709807,27.953389,36.000000,1
Belarus,spain,53.709807,27.953389,28.000000,1
Bolivia,premier,-16.290154,-63.588653,29.000000,1
Bolivia,bundes,-16.290154,-63.588653,0.000000,0
Bolivia,seriea,-16.290154,-63.588653,0.000000,0
Bolivia,spain,-16.290154,-63.588653,0.000000,0
Bosnia and Herzegovina,premier,43.915886,17.679076,30.000000,8
Bosnia and Herzegovina,bundes,43.915886,17.679076,29.684211,19
Bosnia and Herzegovina,seriea,43.915886,17.679076,28.714286,7
Bosnia and Herzegovina,spain,43.915886,17.679076,28.000000,3
Palau,premier,7.514980,134.582520,0.000000,0
Palau,bundes,7.514980,134.582520,0.000000,0
Palau,seriea,7.514980,134.582520,0.000000,0
Palau,spain,7.514980,134.582520,0.000000,0
Pitcairn Islands,premier,-24.703615,-127.439308,0.000000,0
Pitcairn Islands,bundes,-24.703615,-127.439308,0.000000,0
Pitcairn Islands,seriea,-24.703615,-127.439308,0.000000,0
Pitcairn Islands,spain,-24.703615,-127.439308,0.000000,0
Tonga,premier,-21.178986,-175.198242,0.000000,0
Tonga,bundes,-21.178986,-175.198242,0.000000,0
Tonga,seriea,-21.178986,-175.198242,0.000000,0
Tonga,spain,-21.178986,-175.198242,0.000000,0
Jamaica,premier,18.109581,-77.297508,28.500000,6
Jamaica,bundes,18.109581,-77.297508,29.000000,1
Jamaica,seriea,18.109581,-77.297508,0.000000,0
Jamaica,spain,18.109581,-77.297508,0.000000,0
Guinea,premier,9.945587,-9.696645,30.000000,2
Guinea,bundes,9.945587,-9.696645,28.000000,1
Guinea,seriea,9.945587,-9.696645,24.000000,2
Guinea,spain,9.945587,-9.696645,28.666667,3
Maldives,premier,3.202778,73.220680,0.000000,0
Maldives,bundes,3.202778,73.220680,0.000000,0
Maldives,seriea,3.202778,73.220680,0.000000,0
Maldives,spain,3.202778,73.220680,0.000000,0
Sweden,premier,60.128161,18.643501,30.800000,10
Sweden,bundes,60.128161,18.643501,29.916667,12
Sweden,seriea,60.128161,18.643501,28.470588,17
Sweden,spain,60.128161,18.643501,31.375000,8
Indonesia,premier,-0.789275,113.921327,0.000000,0
Indonesia,bundes,-0.789275,113.921327,0.000000,0
Indonesia,seriea,-0.789275,113.921327,0.000000,0
Indonesia,spain,-0.789275,113.921327,0.000000,0
Samoa,premier,-13.759029,-172.104629,0.000000,0
Samoa,bundes,-13.759029,-172.104629,0.000000,0
Samoa,seriea,-13.759029,-172.104629,0.000000,0
Samoa,spain,-13.759029,-172.104629,0.000000,0
Liechtenstein,premier,47.166000,9.555373,0.000000,0
Liechtenstein,bundes,47.166000,9.555373,0.000000,0
Liechtenstein,seriea,47.166000,9.555373,0.000000,0
Liechtenstein,spain,47.166000,9.555373,0.000000,0
Botswana,premier,-22.328474,24.684866,0.000000,0
Botswana,bundes,-22.328474,24.684866,0.000000,0
Botswana,seriea,-22.328474,24.684866,0.000000,0
Botswana,spain,-22.328474,24.684866,0.000000,0
Iceland,premier,64.963051,-19.020835,31.000000,2
Iceland,bundes,64.963051,-19.020835,0.000000,0
Iceland,seriea,64.963051,-19.020835,28.000000,1
Iceland,spain,64.963051,-19.020835,0.000000,0
South Africa,premier,-30.559482,22.937506,32.500000,4
South Africa,bundes,-30.559482,22.937506,0.000000,0
South Africa,seriea,-30.559482,22.937506,0.000000,0
South Africa,spain,-30.559482,22.937506,32.000000,1
Croatia,premier,45.100000,15.200000,29.000000,4
Croatia,bundes,45.100000,15.200000,31.333333,24
Croatia,seriea,45.100000,15.200000,26.550000,20
Croatia,spain,45.100000,15.200000,29.888889,9
Iraq,premier,33.223191,43.679291,0.000000,0
Iraq,bundes,33.223191,43.679291,0.000000,0
Iraq,seriea,33.223191,43.679291,22.000000,1
Iraq,spain,33.223191,43.679291,0.000000,0
Taiwan,premier,23.697810,120.960515,0.000000,0
Taiwan,bundes,23.697810,120.960515,0.000000,0
Taiwan,seriea,23.697810,120.960515,0.000000,0
Taiwan,spain,23.697810,120.960515,0.000000,0
Montserrat,premier,16.742498,-62.187366,0.000000,0
Montserrat,bundes,16.742498,-62.187366,0.000000,0
Montserrat,seriea,16.742498,-62.187366,0.000000,0
Montserrat,spain,16.742498,-62.187366,0.000000,0
Côte d'Ivoire,premier,7.539989,-5.547080,0.000000,0
Côte d'Ivoire,bundes,7.539989,-5.547080,0.000000,0
Côte d'Ivoire,seriea,7.539989,-5.547080,0.000000,0
Côte d'Ivoire,spain,7.539989,-5.547080,0.000000,0
United States,premier,37.090240,-95.712891,33.100000,10
United States,bundes,37.090240,-95.712891,30.750000,4
United States,seriea,37.090240,-95.712891,29.000000,2
United States,spain,37.090240,-95.712891,30.000000,3
Brunei,premier,4.535277,114.727669,0.000000,0
Brunei,bundes,4.535277,114.727669,0.000000,0
Brunei,seriea,4.535277,114.727669,0.000000,0
Brunei,spain,4.535277,114.727669,0.000000,0
Georgia,premier,42.315407,43.356892,34.000000,1
Georgia,bundes,42.315407,43.356892,31.500000,4
Georgia,seriea,42.315407,43.356892,32.000000,2
Georgia,spain,42.315407,43.356892,0.000000,0
Mauritius,premier,-20.348404,57.552152,0.000000,0
Mauritius,bundes,-20.348404,57.552152,0.000000,0
Mauritius,seriea,-20.348404,57.552152,0.000000,0
Mauritius,spain,-20.348404,57.552152,0.000000,0
Marshall Islands,premier,7.131474,171.184478,0.000000,0
Marshall Islands,bundes,7.131474,171.184478,0.000000,0
Marshall Islands,seriea,7.131474,171.184478,0.000000,0
Marshall Islands,spain,7.131474,171.184478,0.000000,0
Denmark,premier,56.263920,9.501785,32.714286,7
Denmark,bundes,56.263920,9.501785,29.750000,12
Denmark,seriea,56.263920,9.501785,30.428571,7
Denmark,spain,56.263920,9.501785,32.600000,5
Dominica,premier,15.414999,-61.370976,0.000000,0
Dominica,bundes,15.414999,-61.370976,0.000000,0
Dominica,seriea,15.414999,-61.370976,0.000000,0
Dominica,spain,15.414999,-61.370976,0.000000,0
Nicaragua,premier,12.865416,-85.207229,0.000000,0
Nicaragua,bundes,12.865416,-85.207229,0.000000,0
Nicaragua,seriea,12.865416,-85.207229,0.000000,0
Nicaragua,spain,12.865416,-85.207229,0.000000,0
Kosovo,premier,42.602636,20.902977,29.250000,4
Kosovo,bundes,42.602636,20.902977,27.400000,10
Kosovo,seriea,42.602636,20.902977,28.666667,6
Kosovo,spain,42.602636,20.902977,28.000000,1
Sri Lanka,premier,7.873054,80.771797,0.000000,0
Sri Lanka,bundes,7.873054,80.771797,0.000000,0
Sri Lanka,seriea,7.873054,80.771797,0.000000,0
Sri Lanka,spain,7.873054,80.771797,0.000000,0
Trinidad and Tobago,premier,10.691803,-61.222503,34.333333,3
Trinidad and Tobago,bundes,10.691803,-61.222503,0.000000,0
Trinidad and Tobago,seriea,10.691803,-61.222503,0.000000,0
Trinidad and Tobago,spain,10.691803,-61.222503,0.000000,0
Djibouti,premier,11.825138,42.590275,0.000000,0
Djibouti,bundes,11.825138,42.590275,0.000000,0
Djibouti,seriea,11.825138,42.590275,0.000000,0
Djibouti,spain,11.825138,42.590275,0.000000,0
Cuba,premier,21.521757,-77.781167,0.000000,0
Cuba,bundes,21.521757,-77.781167,0.000000,0
Cuba,seriea,21.521757,-77.781167,0.000000,0
Cuba,spain,21.521757,-77.781167,0.000000,0
Malaysia,premier,4.210484,101.975766,0.000000,0
Malaysia,bundes,4.210484,101.975766,0.000000,0
Malaysia,seriea,4.210484,101.975766,0.000000,0
Malaysia,spain,4.210484,101.975766,0.000000,0
Vatican City,premier,41.902916,12.453389,0.000000,0
Vatican City,bundes,41.902916,12.453389,0.000000,0
Vatican City,seriea,41.902916,12.453389,0.000000,0
Vatican City,spain,41.902916,12.453389,0.000000,0
Tokelau,premier,-8.967363,-171.855881,0.000000,0
Tokelau,bundes,-8.967363,-171.855881,0.000000,0
Tokelau,seriea,-8.967363,-171.855881,0.000000,0
Tokelau,spain,-8.967363,-171.855881,0.000000,0
Anguilla,premier,18.220554,-63.068615,0.000000,0
Anguilla,bundes,18.220554,-63.068615,0.000000,0
Anguilla,seriea,18.220554,-63.068615,0.000000,0
Anguilla,spain,18.220554,-63.068615,0.000000,0
Honduras,premier,15.199999,-86.241905,30.666667,3
Honduras,bundes,15.199999,-86.241905,0.000000,0
Honduras,seriea,15.199999,-86.241905,36.000000,1
Honduras,spain,15.199999,-86.241905,0.000000,0
Haiti,premier,18.971187,-72.285215,0.000000,0
Haiti,bundes,18.971187,-72.285215,0.000000,0
Haiti,seriea,18.971187,-72.285215,0.000000,0
Haiti,spain,18.971187,-72.285215,0.000000,0
Kyrgyzstan,premier,41.204380,74.766098,0.000000,0
Kyrgyzstan,bundes,41.204380,74.766098,0.000000,0
Kyrgyzstan,seriea,41.204380,74.766098,0.000000,0
Kyrgyzstan,spain,41.204380,74.766098,0.000000,0
Guyana,premier,4.860416,-58.930180,0.000000,0
Guyana,bundes,4.860416,-58.930180,0.000000,0
Guyana,seriea,4.860416,-58.930180,0.000000,0
Guyana,spain,4.860416,-58.930180,0.000000,0
Venezuela,premier,6.423750,-66.589730,27.000000,1
Venezuela,bundes,6.423750,-66.589730,29.666667,3
Venezuela,seriea,6.423750,-66.589730,25.333333,3
Venezuela,spain,6.423750,-66.589730,29.000000,8
Cambodia,premier,12.565679,104.990963,0.000000,0
Cambodia,bundes,12.565679,104.990963,0.000000,0
Cambodia,seriea,12.565679,104.990963,0.000000,0
Cambodia,spain,12.565679,104.990963,0.000000,0
Macedonia,premier,41.608635,21.745275,31.000000,1
Macedonia,bundes,41.608635,21.745275,31.000000,4
Macedonia,seriea,41.608635,21.745275,27.000000,3
Macedonia,spain,41.608635,21.745275,22.000000,1
Cocos [Keeling] Islands,premier,-12.164165,96.870956,0.000000,0
Cocos [Keeling] Islands,bundes,-12.164165,96.870956,0.000000,0
Cocos [Keeling] Islands,seriea,-12.164165,96.870956,0.000000,0
Cocos [Keeling] Islands,spain,-12.164165,96.870956,0.000000,0
Ukraine,premier,48.379433,31.165580,0.000000,0
Ukraine,bundes,48.379433,31.165580,26.000000,3
Ukraine,seriea,48.379433,31.165580,39.000000,1
Ukraine,spain,48.379433,31.165580,0.000000,0
Mozambique,premier,-18.665695,35.529562,0.000000,0
Mozambique,bundes,-18.665695,35.529562,0.000000,0
Mozambique,seriea,-18.665695,35.529562,0.000000,0
Mozambique,spain,-18.665695,35.529562,32.000000,2
Martinique,premier,14.641528,-61.024174,0.000000,0
Martinique,bundes,14.641528,-61.024174,0.000000,0
Martinique,seriea,14.641528,-61.024174,0.000000,0
Martinique,spain,14.641528,-61.024174,0.000000,0
Congo [Republic],premier,-0.228021,15.827659,0.000000,0
Congo [Republic],bundes,-0.228021,15.827659,0.000000,0
Congo [Republic],seriea,-0.228021,15.827659,0.000000,0
Congo [Republic],spain,-0.228021,15.827659,0.000000,0
Nigeria,premier,9.081999,8.675277,30.437500,16
Nigeria,bundes,9.081999,8.675277,29.833333,6
Nigeria,seriea,9.081999,8.675277,28.500000,10
Nigeria,spain,9.081999,8.675277,27.333333,9
Brazil,premier,-14.235004,-51.925280,30.774194,31
Brazil,bundes,-14.235004,-51.925280,30.145833,48
Brazil,seriea,-14.235004,-51.925280,30.505263,95
Brazil,spain,-14.235004,-51.925280,29.967742,62
Israel,premier,31.046051,34.851612,31.666667,3
Israel,bundes,31.046051,34.851612,30.000000,3
Israel,seriea,31.046051,34.851612,29.000000,1
Israel,spain,31.046051,34.851612,27.000000,1
Burkina Faso,premier,12.238333,-1.561593,21.000000,1
Burkina Faso,bundes,12.238333,-1.561593,31.000000,2
Burkina Faso,seriea,12.238333,-1.561593,0.000000,0
Burkina Faso,spain,12.238333,-1.561593,23.000000,1
Mali,premier,17.570692,-3.996166,33.333333,3
Mali,bundes,17.570692,-3.996166,0.000000,0
Mali,seriea,17.570692,-3.996166,36.000000,1
Mali,spain,17.570692,-3.996166,34.000000,3
Colombia,premier,4.570868,-74.297333,29.333333,6
Colombia,bundes,4.570868,-74.297333,31.800000,5
Colombia,seriea,4.570868,-74.297333,28.647059,17
Colombia,spain,4.570868,-74.297333,28.700000,20
Chile,premier,-35.675147,-71.542969,30.250000,8
Chile,bundes,-35.675147,-71.542969,28.400000,5
Chile,seriea,-35.675147,-71.542969,29.625000,16
Chile,spain,-35.675147,-71.542969,30.090909,11
Faroe Islands,premier,61.892635,-6.911806,0.000000,0
Faroe Islands,bundes,61.892635,-6.911806,0.000000,0
Faroe Islands,seriea,61.892635,-6.911806,0.000000,0
Faroe Islands,spain,61.892635,-6.911806,0.000000,0
Zimbabwe,premier,-19.015438,29.154857,0.000000,0
Zimbabwe,bundes,-19.015438,29.154857,26.000000,1
Zimbabwe,seriea,-19.015438,29.154857,0.000000,0
Zimbabwe,spain,-19.015438,29.154857,0.000000,0
Saint Kitts and Nevis,premier,17.357822,-62.782998,0.000000,0
Saint Kitts and Nevis,bundes,17.357822,-62.782998,0.000000,0
Saint Kitts and Nevis,seriea,17.357822,-62.782998,0.000000,0
Saint Kitts and Nevis,spain,17.357822,-62.782998,0.000000,0
Angola,premier,-11.202692,17.873887,0.000000,0
Angola,bundes,-11.202692,17.873887,32.000000,1
Angola,seriea,-11.202692,17.873887,30.000000,2
Angola,spain,-11.202692,17.873887,0.000000,0
Myanmar [Burma],premier,21.913965,95.956223,0.000000,0
Myanmar [Burma],bundes,21.913965,95.956223,0.000000,0
Myanmar [Burma],seriea,21.913965,95.956223,0.000000,0
Myanmar [Burma],spain,21.913965,95.956223,0.000000,0
Mauritania,premier,21.007890,-10.940835,0.000000,0
Mauritania,bundes,21.007890,-10.940835,0.000000,0
Mauritania,seriea,21.007890,-10.940835,0.000000,0
Mauritania,spain,21.007890,-10.940835,0.000000,0
Burundi,premier,-3.373056,29.918886,22.500000,2
Burundi,bundes,-3.373056,29.918886,0.000000,0
Burundi,seriea,-3.373056,29.918886,0.000000,0
Burundi,spain,-3.373056,29.918886,0.000000,0
British Indian Ocean Territory,premier,-6.343194,71.876519,0.000000,0
British Indian Ocean Territory,bundes,-6.343194,71.876519,0.000000,0
British Indian Ocean Territory,seriea,-6.343194,71.876519,0.000000,0
British Indian Ocean Territory,spain,-6.343194,71.876519,0.000000,0
Luxembourg,premier,49.815273,6.129583,0.000000,0
Luxembourg,bundes,49.815273,6.129583,0.000000,0
Luxembourg,seriea,49.815273,6.129583,0.000000,0
Luxembourg,spain,49.815273,6.129583,0.000000,0
Estonia,premier,58.595272,25.013607,0.000000,0
Estonia,bundes,58.595272,25.013607,30.000000,1
Estonia,seriea,58.595272,25.013607,0.000000,0
Estonia,spain,58.595272,25.013607,0.000000,0
Mongolia,premier,46.862496,103.846656,0.000000,0
Mongolia,bundes,46.862496,103.846656,0.000000,0
Mongolia,seriea,46.862496,103.846656,0.000000,0
Mongolia,spain,46.862496,103.846656,0.000000,0
Turkmenistan,premier,38.969719,59.556278,0.000000,0
Turkmenistan,bundes,38.969719,59.556278,0.000000,0
Turkmenistan,seriea,38.969719,59.556278,0.000000,0
Turkmenistan,spain,38.969719,59.556278,0.000000,0
Nauru,premier,-0.522778,166.931503,0.000000,0
Nauru,bundes,-0.522778,166.931503,0.000000,0
Nauru,seriea,-0.522778,166.931503,0.000000,0
Nauru,spain,-0.522778,166.931503,0.000000,0
Heard Island and McDonald Islands,premier,-53.081810,73.504158,0.000000,0
Heard Island and McDonald Islands,bundes,-53.081810,73.504158,0.000000,0
Heard Island and McDonald Islands,seriea,-53.081810,73.504158,0.000000,0
Heard Island and McDonald Islands,spain,-53.081810,73.504158,0.000000,0
India,premier,20.593684,78.962880,0.000000,0
India,bundes,20.593684,78.962880,0.000000,0
India,seriea,20.593684,78.962880,0.000000,0
India,spain,20.593684,78.962880,0.000000,0
Russia,premier,61.524010,105.318756,32.750000,4
Russia,bundes,61.524010,105.318756,28.250000,4
Russia,seriea,61.524010,105.318756,0.000000,0
Russia,spain,61.524010,105.318756,25.000000,1
South Georgia and the South Sandwich Islands,premier,-54.429579,-36.587909,0.000000,0
South Georgia and the South Sandwich Islands,bundes,-54.429579,-36.587909,0.000000,0
South Georgia and the South Sandwich Islands,seriea,-54.429579,-36.587909,0.000000,0
South Georgia and the South Sandwich Islands,spain,-54.429579,-36.587909,0.000000,0
Algeria,premier,28.033886,1.659626,26.000000,1
Algeria,bundes,28.033886,1.659626,0.000000,0
Algeria,seriea,28.033886,1.659626,30.333333,3
Algeria,spain,28.033886,1.659626,0.000000,0
French Polynesia,premier,-17.679742,-149.406843,0.000000,0
French Polynesia,bundes,-17.679742,-149.406843,0.000000,0
French Polynesia,seriea,-17.679742,-149.406843,0.000000,0
French Polynesia,spain,-17.679742,-149.406843,0.000000,0
Tunisia,premier,33.886917,9.537499,0.000000,0
Tunisia,bundes,33.886917,9.537499,31.750000,4
Tunisia,seriea,33.886917,9.537499,0.000000,0
Tunisia,spain,33.886917,9.537499,27.000000,1
Guam,premier,13.444304,144.793731,0.000000,0
Guam,bundes,13.444304,144.793731,0.000000,0
Guam,seriea,13.444304,144.793731,0.000000,0
Guam,spain,13.444304,144.793731,0.000000,0
Isle of Man,premier,54.236107,-4.548056,0.000000,0
Isle of Man,bundes,54.236107,-4.548056,0.000000,0
Isle of Man,seriea,54.236107,-4.548056,0.000000,0
Isle of Man,spain,54.236107,-4.548056,0.000000,0
Nepal,premier,28.394857,84.124008,0.000000,0
Nepal,bundes,28.394857,84.124008,0.000000,0
Nepal,seriea,28.394857,84.124008,0.000000,0
Nepal,spain,28.394857,84.124008,0.000000,0
Grenada,premier,12.262776,-61.604171,0.000000,0
Grenada,bundes,12.262776,-61.604171,0.000000,0
Grenada,seriea,12.262776,-61.604171,0.000000,0
Grenada,spain,12.262776,-61.604171,0.000000,0
Yemen,premier,15.552727,48.516388,0.000000,0
Yemen,bundes,15.552727,48.516388,0.000000,0
Yemen,seriea,15.552727,48.516388,0.000000,0
Yemen,spain,15.552727,48.516388,0.000000,0
Aruba,premier,12.521110,-69.968338,0.000000,0
Aruba,bundes,12.521110,-69.968338,0.000000,0
Aruba,seriea,12.521110,-69.968338,0.000000,0
Aruba,spain,12.521110,-69.968338,0.000000,0
Zambia,premier,-13.133897,27.849332,25.000000,1
Zambia,bundes,-13.133897,27.849332,35.500000,2
Zambia,seriea,-13.133897,27.849332,0.000000,0
Zambia,spain,-13.133897,27.849332,0.000000,0
Palestinian Territories,premier,31.952162,35.233154,0.000000,0
Palestinian Territories,bundes,31.952162,35.233154,0.000000,0
Palestinian Territories,seriea,31.952162,35.233154,0.000000,0
Palestinian Territories,spain,31.952162,35.233154,0.000000,0
Albania,premier,41.153332,20.168331,0.000000,0
Albania,bundes,41.153332,20.168331,32.666667,3
Albania,seriea,41.153332,20.168331,28.714286,7
Albania,spain,41.153332,20.168331,0.000000,0
Uzbekistan,premier,41.377491,64.585262,35.000000,1
Uzbekistan,bundes,41.377491,64.585262,0.000000,0
Uzbekistan,seriea,41.377491,64.585262,34.000000,1
Uzbekistan,spain,41.377491,64.585262,0.000000,0
United Kingdom,premier,55.378051,-3.435973,30.140312,449
United Kingdom,bundes,55.378051,-3.435973,29.000000,3
United Kingdom,seriea,55.378051,-3.435973,32.800000,5
United Kingdom,spain,55.378051,-3.435973,27.750000,8
Azerbaijan,premier,40.143105,47.576927,0.000000,0
Azerbaijan,bundes,40.143105,47.576927,25.000000,1
Azerbaijan,seriea,40.143105,47.576927,0.000000,0
Azerbaijan,spain,40.143105,47.576927,0.000000,0
Lebanon,premier,33.854721,35.862285,0.000000,0
Lebanon,bundes,33.854721,35.862285,36.000000,1
Lebanon,seriea,33.854721,35.862285,0.000000,0
Lebanon,spain,33.854721,35.862285,0.000000,0
Gibraltar,premier,36.137741,-5.345374,0.000000,0
Gibraltar,bundes,36.137741,-5.345374,0.000000,0
Gibraltar,seriea,36.137741,-5.345374,0.000000,0
Gibraltar,spain,36.137741,-5.345374,0.000000,0
Ireland,premier,53.412910,-8.243890,32.454545,22
Ireland,bundes,53.412910,-8.243890,0.000000,0
Ireland,seriea,53.412910,-8.243890,0.000000,0
Ireland,spain,53.412910,-8.243890,0.000000,0
Cayman Islands,premier,19.513469,-80.566956,0.000000,0
Cayman Islands,bundes,19.513469,-80.566956,0.000000,0
Cayman Islands,seriea,19.513469,-80.566956,0.000000,0
Cayman Islands,spain,19.513469,-80.566956,0.000000,0
Costa Rica,premier,9.748917,-83.753428,26.750000,4
Costa Rica,bundes,9.748917,-83.753428,35.000000,2
Costa Rica,seriea,9.748917,-83.753428,32.000000,2
Costa Rica,spain,9.748917,-83.753428,27.000000,3
Saudi Arabia,premier,23.885942,45.079162,0.000000,0
Saudi Arabia,bundes,23.885942,45.079162,0.000000,0
Saudi Arabia,seriea,23.885942,45.079162,0.000000,0
Saudi Arabia,spain,23.885942,45.079162,0.000000,0
Tajikistan,premier,38.861034,71.276093,0.000000,0
Tajikistan,bundes,38.861034,71.276093,34.000000,1
Tajikistan,seriea,38.861034,71.276093,0.000000,0
Tajikistan,spain,38.861034,71.276093,0.000000,0
Libya,premier,26.335100,17.228331,0.000000,0
Libya,bundes,26.335100,17.228331,0.000000,0
Libya,seriea,26.335100,17.228331,0.000000,0
Libya,spain,26.335100,17.228331,0.000000,0
Gaza Strip,premier,31.354676,34.308825,0.000000,0
Gaza Strip,bundes,31.354676,34.308825,0.000000,0
Gaza Strip,seriea,31.354676,34.308825,0.000000,0
Gaza Strip,spain,31.354676,34.308825,0.000000,0
Jordan,premier,30.585164,36.238414,0.000000,0
Jordan,bundes,30.585164,36.238414,0.000000,0
Jordan,seriea,30.585164,36.238414,0.000000,0
Jordan,spain,30.585164,36.238414,0.000000,0
France,premier,46.227638,2.213749,29.914286,105
France,bundes,46.227638,2.213749,30.973684,38
France,seriea,46.227638,2.213749,29.055556,54
France,spain,46.227638,2.213749,30.477612,67
New Caledonia,premier,-20.904305,165.618042,0.000000,0
New Caledonia,bundes,-20.904305,165.618042,0.000000,0
New Caledonia,seriea,-20.904305,165.618042,0.000000,0
New Caledonia,spain,-20.904305,165.618042,0.000000,0
Guatemala,premier,15.783471,-90.230759,0.000000,0
Guatemala,bundes,15.783471,-90.230759,0.000000,0
Guatemala,seriea,15.783471,-90.230759,0.000000,0
Guatemala,spain,15.783471,-90.230759,0.000000,0
Bhutan,premier,27.514162,90.433601,0.000000,0
Bhutan,bundes,27.514162,90.433601,0.000000,0
Bhutan,seriea,27.514162,90.433601,0.000000,0
Bhutan,spain,27.514162,90.433601,0.000000,0
Poland,premier,51.919438,19.145136,33.000000,6
Poland,bundes,51.919438,19.145136,32.000000,18
Poland,seriea,51.919438,19.145136,29.250000,8
Poland,spain,51.919438,19.145136,32.166667,6
Suriname,premier,3.919305,-56.027783,30.000000,1
Suriname,bundes,3.919305,-56.027783,31.500000,2
Suriname,seriea,3.919305,-56.027783,36.500000,2
Suriname,spain,3.919305,-56.027783,0.000000,0
Sierra Leone,premier,8.460555,-11.779889,32.000000,1
Sierra Leone,bundes,8.460555,-11.779889,34.500000,2
Sierra Leone,seriea,8.460555,-11.779889,26.000000,1
Sierra Leone,spain,8.460555,-11.779889,0.000000,0
Timor-Leste,premier,-8.874217,125.727539,0.000000,0
Timor-Leste,bundes,-8.874217,125.727539,0.000000,0
Timor-Leste,seriea,-8.874217,125.727539,0.000000,0
Timor-Leste,spain,-8.874217,125.727539,0.000000,0
Slovenia,premier,46.151241,14.995463,36.000000,1
Slovenia,bundes,46.151241,14.995463,31.750000,4
Slovenia,seriea,46.151241,14.995463,26.555556,9
Slovenia,spain,46.151241,14.995463,28.000000,4
Austria,premier,47.516231,14.550072,28.750000,8
Austria,bundes,47.516231,14.550072,28.416667,24
Austria,seriea,47.516231,14.550072,28.200000,5
Austria,spain,47.516231,14.550072,27.000000,2
British Virgin Islands,premier,18.420695,-64.639968,0.000000,0
British Virgin Islands,bundes,18.420695,-64.639968,0.000000,0
British Virgin Islands,seriea,18.420695,-64.639968,0.000000,0
British Virgin Islands,spain,18.420695,-64.639968,0.000000,0
Eritrea,premier,15.179384,39.782334,0.000000,0
Eritrea,bundes,15.179384,39.782334,0.000000,0
Eritrea,seriea,15.179384,39.782334,0.000000,0
Eritrea,spain,15.179384,39.782334,0.000000,0
Saint Pierre and Miquelon,premier,46.941936,-56.271110,0.000000,0
Saint Pierre and Miquelon,bundes,46.941936,-56.271110,0.000000,0
Saint Pierre and Miquelon,seriea,46.941936,-56.271110,0.000000,0
Saint Pierre and Miquelon,spain,46.941936,-56.271110,0.000000,0
Sudan,premier,12.862807,30.217636,0.000000,0
Sudan,bundes,12.862807,30.217636,0.000000,0
Sudan,seriea,12.862807,30.217636,0.000000,0
Sudan,spain,12.862807,30.217636,0.000000,0
Niue,premier,-19.054445,-169.867233,0.000000,0
Niue,bundes,-19.054445,-169.867233,0.000000,0
Niue,seriea,-19.054445,-169.867233,0.000000,0
Niue,spain,-19.054445,-169.867233,0.000000,0
São Tomé and Príncipe,premier,0.186360,6.613081,0.000000,0
São Tomé and Príncipe,bundes,0.186360,6.613081,0.000000,0
São Tomé and Príncipe,seriea,0.186360,6.613081,0.000000,0
São Tomé and Príncipe,spain,0.186360,6.613081,0.000000,0
Equatorial Guinea,premier,1.650801,10.267895,0.000000,0
Equatorial Guinea,bundes,1.650801,10.267895,0.000000,0
Equatorial Guinea,seriea,1.650801,10.267895,0.000000,0
Equatorial Guinea,spain,1.650801,10.267895,0.000000,0
Lesotho,premier,-29.609988,28.233608,0.000000,0
Lesotho,bundes,-29.609988,28.233608,0.000000,0
Lesotho,seriea,-29.609988,28.233608,0.000000,0
Lesotho,spain,-29.609988,28.233608,0.000000,0
Macau,premier,22.198745,113.543873,0.000000,0
Macau,bundes,22.198745,113.543873,0.000000,0
Macau,seriea,22.198745,113.543873,0.000000,0
Macau,spain,22.198745,113.543873,0.000000,0
Barbados,premier,13.193887,-59.543198,0.000000,0
Barbados,bundes,13.193887,-59.543198,0.000000,0
Barbados,seriea,13.193887,-59.543198,0.000000,0
Barbados,spain,13.193887,-59.543198,0.000000,0
United Arab Emirates,premier,23.424076,53.847818,0.000000,0
United Arab Emirates,bundes,23.424076,53.847818,0.000000,0
United Arab Emirates,seriea,23.424076,53.847818,0.000000,0
United Arab Emirates,spain,23.424076,53.847818,0.000000,0
Vietnam,premier,14.058324,108.277199,0.000000,0
Vietnam,bundes,14.058324,108.277199,0.000000,0
Vietnam,seriea,14.058324,108.277199,0.000000,0
Vietnam,spain,14.058324,108.277199,0.000000,0
Argentina,premier,-38.416097,-63.616672,30.081081,37
Argentina,bundes,-38.416097,-63.616672,32.266667,15
Argentina,seriea,-38.416097,-63.616672,30.623762,101
Argentina,spain,-38.416097,-63.616672,30.322222,90
Gambia,premier,13.443182,-15.310139,23.000000,1
Gambia,bundes,13.443182,-15.310139,0.000000,0
Gambia,seriea,13.443182,-15.310139,0.000000,0
Gambia,spain,13.443182,-15.310139,0.000000,0
Guinea-Bissau,premier,11.803749,-15.180413,28.000000,1
Guinea-Bissau,bundes,11.803749,-15.180413,0.000000,0
Guinea-Bissau,seriea,11.803749,-15.180413,0.000000,0
Guinea-Bissau,spain,11.803749,-15.180413,0.000000,0
Uruguay,premier,-32.522779,-55.765835,27.625000,8
Uruguay,bundes,-32.522779,-55.765835,34.500000,2
Uruguay,seriea,-32.522779,-55.765835,30.232558,43
Uruguay,spain,-32.522779,-55.765835,30.406250,32
Thailand,premier,15.870032,100.992541,0.000000,0
Thailand,bundes,15.870032,100.992541,0.000000,0
Thailand,seriea,15.870032,100.992541,0.000000,0
Thailand,spain,15.870032,100.992541,0.000000,0
Spain,premier,40.463667,-3.749220,28.017544,57
Spain,bundes,40.463667,-3.749220,29.200000,15
Spain,seriea,40.463667,-3.749220,28.500000,36
Spain,spain,40.463667,-3.749220,29.915683,593
Vanuatu,premier,-15.376706,166.959158,0.000000,0
Vanuatu,bundes,-15.376706,166.959158,0.000000,0
Vanuatu,seriea,-15.376706,166.959158,0.000000,0
Vanuatu,spain,-15.376706,166.959158,0.000000,0
Bahrain,premier,25.930414,50.637772,0.000000,0
Bahrain,bundes,25.930414,50.637772,0.000000,0
Bahrain,seriea,25.930414,50.637772,0.000000,0
Bahrain,spain,25.930414,50.637772,0.000000,0
Dominican Republic,premier,18.735693,-70.162651,0.000000,0
Dominican Republic,bundes,18.735693,-70.162651,0.000000,0
Dominican Republic,seriea,18.735693,-70.162651,0.000000,0
Dominican Republic,spain,18.735693,-70.162651,0.000000,0
Norfolk Island,premier,-29.040835,167.954712,0.000000,0
Norfolk Island,bundes,-29.040835,167.954712,0.000000,0
Norfolk Island,seriea,-29.040835,167.954712,0.000000,0
Norfolk Island,spain,-29.040835,167.954712,0.000000,0
Benin,premier,9.307690,2.315834,32.000000,1
Benin,bundes,9.307690,2.315834,0.000000,0
Benin,seriea,9.307690,2.315834,0.000000,0
Benin,spain,9.307690,2.315834,0.000000,0
Latvia,premier,56.879635,24.603189,33.500000,2
Latvia,bundes,56.879635,24.603189,28.500000,2
Latvia,seriea,56.879635,24.603189,0.000000,0
Latvia,spain,56.879635,24.603189,29.000000,1
Czech Republic,premier,49.817492,15.472962,32.700000,10
Czech Republic,bundes,49.817492,15.472962,32.233333,30
Czech Republic,seriea,49.817492,15.472962,32.750000,16
Czech Republic,spain,49.817492,15.472962,36.250000,4
New Zealand,premier,-40.900557,174.885971,0.000000,0
New Zealand,bundes,-40.900557,174.885971,0.000000,0
New Zealand,seriea,-40.900557,174.885971,0.000000,0
New Zealand,spain,-40.900557,174.885971,0.000000,0
Belgium,premier,50.503887,4.469936,27.600000,20
Belgium,bundes,50.503887,4.469936,31.666667,9
Belgium,seriea,50.503887,4.469936,30.000000,6
Belgium,spain,50.503887,4.469936,25.333333,6
Malawi,premier,-13.254308,34.301525,0.000000,0
Malawi,bundes,-13.254308,34.301525,0.000000,0
Malawi,seriea,-13.254308,34.301525,0.000000,0
Malawi,spain,-13.254308,34.301525,0.000000,0
Netherlands,premier,52.132633,5.291266,29.880952,42
Netherlands,bundes,52.132633,5.291266,31.666667,21
Netherlands,seriea,52.132633,5.291266,27.833333,12
Netherlands,spain,52.132633,5.291266,30.000000,21
Congo [DRC],premier,-4.038333,21.758664,28.100000,10
Congo [DRC],bundes,-4.038333,21.758664,31.000000,2
Congo [DRC],seriea,-4.038333,21.758664,28.000000,1
Congo [DRC],spain,-4.038333,21.758664,23.500000,2
Cape Verde,premier,16.002082,-24.013197,0.000000,0
Cape Verde,bundes,16.002082,-24.013197,0.000000,0
Cape Verde,seriea,16.002082,-24.013197,32.000000,2
Cape Verde,spain,16.002082,-24.013197,33.000000,1
Cyprus,premier,35.126413,33.429859,0.000000,0
Cyprus,bundes,35.126413,33.429859,0.000000,0
Cyprus,seriea,35.126413,33.429859,0.000000,0
Cyprus,spain,35.126413,33.429859,0.000000,0
Morocco,premier,31.791702,-7.092620,27.000000,1
Morocco,bundes,31.791702,-7.092620,30.500000,2
Morocco,seriea,31.791702,-7.092620,25.000000,4
Morocco,spain,31.791702,-7.092620,28.000000,2
Bouvet Island,premier,-54.423199,3.413194,0.000000,0
Bouvet Island,bundes,-54.423199,3.413194,0.000000,0
Bouvet Island,seriea,-54.423199,3.413194,0.000000,0
Bouvet Island,spain,-54.423199,3.413194,0.000000,0
Swaziland,premier,-26.522503,31.465866,0.000000,0
Swaziland,bundes,-26.522503,31.465866,0.000000,0
Swaziland,seriea,-26.522503,31.465866,0.000000,0
Swaziland,spain,-26.522503,31.465866,0.000000,0
Puerto Rico,premier,18.220833,-66.590149,0.000000,0
Puerto Rico,bundes,18.220833,-66.590149,0.000000,0
Puerto Rico,seriea,18.220833,-66.590149,0.000000,0
Puerto Rico,spain,18.220833,-66.590149,0.000000,0
Western Sahara,premier,24.215527,-12.885834,0.000000,0
Western Sahara,bundes,24.215527,-12.885834,0.000000,0
Western Sahara,seriea,24.215527,-12.885834,0.000000,0
Western Sahara,spain,24.215527,-12.885834,0.000000,0
Mayotte,premier,-12.827500,45.166244,0.000000,0
Mayotte,bundes,-12.827500,45.166244,0.000000,0
Mayotte,seriea,-12.827500,45.166244,0.000000,0
Mayotte,spain,-12.827500,45.166244,0.000000,0
Saint Vincent and the Grenadines,premier,12.984305,-61.287228,0.000000,0
Saint Vincent and the Grenadines,bundes,12.984305,-61.287228,0.000000,0
Saint Vincent and the Grenadines,seriea,12.984305,-61.287228,0.000000,0
Saint Vincent and the Grenadines,spain,12.984305,-61.287228,0.000000,0
Comoros,premier,-11.875001,43.872219,0.000000,0
Comoros,bundes,-11.875001,43.872219,0.000000,0
Comoros,seriea,-11.875001,43.872219,0.000000,0
Comoros,spain,-11.875001,43.872219,0.000000,0
South Korea,premier,35.907757,127.766922,30.000000,9
South Korea,bundes,35.907757,127.766922,27.428571,7
South Korea,seriea,35.907757,127.766922,0.000000,0
South Korea,spain,35.907757,127.766922,31.000000,1
Slovakia,premier,48.669026,19.699024,30.000000,3
Slovakia,bundes,48.669026,19.699024,33.000000,7
Slovakia,seriea,48.669026,19.699024,29.000000,7
Slovakia,spain,48.669026,19.699024,31.000000,2
Panama,premier,8.537981,-80.782127,0.000000,0
Panama,bundes,8.537981,-80.782127,0.000000,0
Panama,seriea,8.537981,-80.782127,0.000000,0
Panama,spain,8.537981,-80.782127,22.000000,1
Afghanistan,premier,33.939110,67.709953,0.000000,0
Afghanistan,bundes,33.939110,67.709953,0.000000,0
Afghanistan,seriea,33.939110,67.709953,0.000000,0
Afghanistan,spain,33.939110,67.709953,0.000000,0
Antigua and Barbuda,premier,17.060816,-61.796428,0.000000,0
Antigua and Barbuda,bundes,17.060816,-61.796428,0.000000,0
Antigua and Barbuda,seriea,17.060816,-61.796428,0.000000,0
Antigua and Barbuda,spain,17.060816,-61.796428,0.000000,0
Canada,premier,56.130366,-106.346771,29.000000,2
Canada,bundes,56.130366,-106.346771,34.166667,6
Canada,seriea,56.130366,-106.346771,29.000000,1
Canada,spain,56.130366,-106.346771,32.000000,2
Tuvalu,premier,-7.109535,177.649330,0.000000,0
Tuvalu,bundes,-7.109535,177.649330,0.000000,0
Tuvalu,seriea,-7.109535,177.649330,0.000000,0
Tuvalu,spain,-7.109535,177.649330,0.000000,0
Australia,premier,-25.274398,133.775136,33.428571,14
Australia,bundes,-25.274398,133.775136,31.000000,5
Australia,seriea,-25.274398,133.775136,31.000000,5
Australia,spain,-25.274398,133.775136,24.000000,1
Oman,premier,21.512583,55.923255,34.000000,1
Oman,bundes,21.512583,55.923255,0.000000,0
Oman,seriea,21.512583,55.923255,0.000000,0
Oman,spain,21.512583,55.923255,0.000000,0
Svalbard and Jan Mayen,premier,77.553604,23.670272,0.000000,0
Svalbard and Jan Mayen,bundes,77.553604,23.670272,0.000000,0
Svalbard and Jan Mayen,seriea,77.553604,23.670272,0.000000,0
Svalbard and Jan Mayen,spain,77.553604,23.670272,0.000000,0
Andorra,premier,42.546245,1.601554,0.000000,0
Andorra,bundes,42.546245,1.601554,0.000000,0
Andorra,seriea,42.546245,1.601554,0.000000,0
Andorra,spain,42.546245,1.601554,0.000000,0
Hong Kong,premier,22.396428,114.109497,0.000000,0
Hong Kong,bundes,22.396428,114.109497,0.000000,0
Hong Kong,seriea,22.396428,114.109497,0.000000,0
Hong Kong,spain,22.396428,114.109497,0.000000,0
Pakistan,premier,30.375321,69.345116,0.000000,0
Pakistan,bundes,30.375321,69.345116,0.000000,0
Pakistan,seriea,30.375321,69.345116,0.000000,0
Pakistan,spain,30.375321,69.345116,0.000000,0
Central African Republic,premier,6.611111,20.939444,27.000000,1
Central African Republic,bundes,6.611111,20.939444,0.000000,0
Central African Republic,seriea,6.611111,20.939444,27.000000,1
Central African Republic,spain,6.611111,20.939444,0.000000,0
Serbia and Montenegro,premier,42.708678,19.374390,28.941176,17
Serbia and Montenegro,bundes,42.708678,19.374390,30.190476,21
Serbia and Montenegro,seriea,42.708678,19.374390,28.000000,27
Serbia and Montenegro,spain,42.708678,19.374390,29.666667,15
Senegal,premier,14.497401,-14.452362,33.692308,13
Senegal,bundes,14.497401,-14.452362,28.800000,5
Senegal,seriea,14.497401,-14.452362,26.833333,6
Senegal,spain,14.497401,-14.452362,27.333333,9
Belize,premier,17.189877,-88.497650,0.000000,0
Belize,bundes,17.189877,-88.497650,0.000000,0
Belize,seriea,17.189877,-88.497650,0.000000,0
Belize,spain,17.189877,-88.497650,0.000000,0
Ivory Coast,premier,7.539989,-5.547080,31.866667,15
Ivory Coast,bundes,7.539989,-5.547080,31.000000,10
Ivory Coast,seriea,7.539989,-5.547080,26.750000,4
Ivory Coast,spain,7.539989,-5.547080,30.000000,8
Bulgaria,premier,42.733883,25.485830,32.500000,6
Bulgaria,bundes,42.733883,25.485830,34.333333,3
Bulgaria,seriea,42.733883,25.485830,28.000000,2
Bulgaria,spain,42.733883,25.485830,26.000000,1
Mexico,premier,23.634501,-102.552784,29.166667,6
Mexico,bundes,23.634501,-102.552784,33.600000,5
Mexico,seriea,23.634501,-102.552784,37.000000,1
Mexico,spain,23.634501,-102.552784,29.000000,15
Seychelles,premier,-4.679574,55.491977,0.000000,0
Seychelles,bundes,-4.679574,55.491977,0.000000,0
Seychelles,seriea,-4.679574,55.491977,0.000000,0
Seychelles,spain,-4.679574,55.491977,0.000000,0
Switzerland,premier,46.818188,8.227512,27.375000,8
Switzerland,bundes,46.818188,8.227512,29.147059,34
Switzerland,seriea,46.818188,8.227512,28.590909,22
Switzerland,spain,46.818188,8.227512,30.600000,10
Rwanda,premier,-1.940278,29.873888,0.000000,0
Rwanda,bundes,-1.940278,29.873888,0.000000,0
Rwanda,seriea,-1.940278,29.873888,0.000000,0
Rwanda,spain,-1.940278,29.873888,0.000000,0
North Korea,premier,40.339852,127.510093,0.000000,0
North Korea,bundes,40.339852,127.510093,0.000000,0
North Korea,seriea,40.339852,127.510093,0.000000,0
North Korea,spain,40.339852,127.510093,0.000000,0
Romania,premier,45.943161,24.966760,28.500000,4
Romania,bundes,45.943161,24.966760,32.750000,8
Romania,seriea,45.943161,24.966760,29.214286,14
Romania,spain,45.943161,24.966760,30.200000,5
Paraguay,premier,-23.442503,-58.443832,35.000000,3
Paraguay,bundes,-23.442503,-58.443832,32.000000,1
Paraguay,seriea,-23.442503,-58.443832,30.000000,4
Paraguay,spain,-23.442503,-58.443832,32.625000,8
El Salvador,premier,13.794185,-88.896530,0.000000,0
El Salvador,bundes,13.794185,-88.896530,0.000000,0
El Salvador,seriea,13.794185,-88.896530,36.000000,1
El Salvador,spain,13.794185,-88.896530,0.000000,0
Bangladesh,premier,23.684994,90.356331,0.000000,0
Bangladesh,bundes,23.684994,90.356331,0.000000,0
Bangladesh,seriea,23.684994,90.356331,0.000000,0
Bangladesh,spain,23.684994,90.356331,0.000000,0
Ecuador,premier,-1.831239,-78.183406,28.200000,5
Ecuador,bundes,-1.831239,-78.183406,21.000000,1
Ecuador,seriea,-1.831239,-78.183406,0.000000,0
Ecuador,spain,-1.831239,-78.183406,28.666667,3
Finland,premier,61.924110,25.748151,0.000000,0
Finland,bundes,61.924110,25.748151,27.000000,2
Finland,seriea,61.924110,25.748151,0.000000,0
Finland,spain,61.924110,25.748151,28.000000,1
Germany,premier,51.165691,10.451526,30.961538,26
Germany,bundes,51.165691,10.451526,28.455531,461
Germany,seriea,51.165691,10.451526,29.916667,12
Germany,spain,51.165691,10.451526,29.166667,12
Saint Helena,premier,-24.143474,-10.030696,0.000000,0
Saint Helena,bundes,-24.143474,-10.030696,0.000000,0
Saint Helena,seriea,-24.143474,-10.030696,0.000000,0
Saint Helena,spain,-24.143474,-10.030696,0.000000,0
American Samoa,premier,-14.270972,-170.132217,0.000000,0
American Samoa,bundes,-14.270972,-170.132217,0.000000,0
American Samoa,seriea,-14.270972,-170.132217,0.000000,0
American Samoa,spain,-14.270972,-170.132217,0.000000,0
Guadeloupe,premier,16.995971,-62.067641,0.000000,0
Guadeloupe,bundes,16.995971,-62.067641,0.000000,0
Guadeloupe,seriea,16.995971,-62.067641,0.000000,0
Guadeloupe,spain,16.995971,-62.067641,0.000000,0
Netherlands Antilles,premier,12.226079,-69.060087,0.000000,0
Netherlands Antilles,bundes,12.226079,-69.060087,0.000000,0
Netherlands Antilles,seriea,12.226079,-69.060087,0.000000,0
Netherlands Antilles,spain,12.226079,-69.060087,0.000000,0
Falkland Islands [Islas Malvinas],premier,-51.796253,-59.523613,0.000000,0
Falkland Islands [Islas Malvinas],bundes,-51.796253,-59.523613,0.000000,0
Falkland Islands [Islas Malvinas],seriea,-51.796253,-59.523613,0.000000,0
Falkland Islands [Islas Malvinas],spain,-51.796253,-59.523613,0.000000,0
Gabon,premier,-0.803689,11.609444,39.000000,1
Gabon,bundes,-0.803689,11.609444,0.000000,0
Gabon,seriea,-0.803689,11.609444,0.000000,0
Gabon,spain,-0.803689,11.609444,24.000000,1
French Southern Territories,premier,-49.280366,69.348557,0.000000,0
French Southern Territories,bundes,-49.280366,69.348557,0.000000,0
French Southern Territories,seriea,-49.280366,69.348557,0.000000,0
French Southern Territories,spain,-49.280366,69.348557,0.000000,0
Chad,premier,15.454166,18.732207,0.000000,0
Chad,bundes,15.454166,18.732207,0.000000,0
Chad,seriea,15.454166,18.732207,0.000000,0
Chad,spain,15.454166,18.732207,0.000000,0
Lithuania,premier,55.169438,23.881275,0.000000,0
Lithuania,bundes,55.169438,23.881275,35.000000,1
Lithuania,seriea,55.169438,23.881275,36.500000,2
Lithuania,spain,55.169438,23.881275,31.500000,2
Bahamas,premier,25.034280,-77.396280,0.000000,0
Bahamas,bundes,25.034280,-77.396280,0.000000,0
Bahamas,seriea,25.034280,-77.396280,0.000000,0
Bahamas,spain,25.034280,-77.396280,0.000000,0
Papua New Guinea,premier,-6.314993,143.955550,0.000000,0
Papua New Guinea,bundes,-6.314993,143.955550,0.000000,0
Papua New Guinea,seriea,-6.314993,143.955550,0.000000,0
Papua New Guinea,spain,-6.314993,143.955550,0.000000,0
Qatar,premier,25.354826,51.183884,0.000000,0
Qatar,bundes,25.354826,51.183884,0.000000,0
Qatar,seriea,25.354826,51.183884,0.000000,0
Qatar,spain,25.354826,51.183884,0.000000,0
Liberia,premier,6.428055,-9.429499,0.000000,0
Liberia,bundes,6.428055,-9.429499,24.000000,1
Liberia,seriea,6.428055,-9.429499,0.000000,0
Liberia,spain,6.428055,-9.429499,0.000000,0
Portugal,premier,39.399872,-8.224454,34.142857,7
Portugal,bundes,39.399872,-8.224454,33.000000,3
Portugal,seriea,39.399872,-8.224454,27.636364,11
Portugal,spain,39.399872,-8.224454,30.600000,15
Moldova,premier,47.411631,28.369885,0.000000,0
Moldova,bundes,47.411631,28.369885,0.000000,0
Moldova,seriea,47.411631,28.369885,0.000000,0
Moldova,spain,47.411631,28.369885,0.000000,0
Norway,premier,60.472024,8.468946,33.500000,6
Norway,bundes,60.472024,8.468946,27.000000,4
Norway,seriea,60.472024,8.468946,34.000000,2
Norway,spain,60.472024,8.468946,0.000000,0
Antarctica,premier,-75.250973,-0.071389,0.000000,0
Antarctica,bundes,-75.250973,-0.071389,0.000000,0
Antarctica,seriea,-75.250973,-0.071389,0.000000,0
Antarctica,spain,-75.250973,-0.071389,0.000000,0
Iran,premier,32.427908,53.688046,30.000000,1
Iran,bundes,32.427908,53.688046,35.000000,2
Iran,seriea,32.427908,53.688046,0.000000,0
Iran,spain,32.427908,53.688046,33.500000,2
Turkey,premier,38.963745,35.243322,0.000000,0
Turkey,bundes,38.963745,35.243322,36.666667,3
Turkey,seriea,38.963745,35.243322,22.000000,1
Turkey,spain,38.963745,35.243322,32.750000,4
Kenya,premier,-0.023559,37.906193,25.000000,1
Kenya,bundes,-0.023559,37.906193,0.000000,0
Kenya,seriea,-0.023559,37.906193,29.000000,1
Kenya,spain,-0.023559,37.906193,29.000000,1
Greece,premier,39.074208,21.824312,31.666667,6
Greece,bundes,39.074208,21.824312,30.111111,9
Greece,seriea,39.074208,21.824312,28.818182,11
Greece,spain,39.074208,21.824312,32.666667,3
Solomon Islands,premier,-9.645710,160.156194,0.000000,0
Solomon Islands,bundes,-9.645710,160.156194,0.000000,0
Solomon Islands,seriea,-9.645710,160.156194,0.000000,0
Solomon Islands,spain,-9.645710,160.156194,0.000000,0
Fiji,premier,-16.578193,179.414413,0.000000,0
Fiji,bundes,-16.578193,179.414413,0.000000,0
Fiji,seriea,-16.578193,179.414413,0.000000,0
Fiji,spain,-16.578193,179.414413,0.000000,0
Somalia,premier,5.152149,46.199616,0.000000,0
Somalia,bundes,5.152149,46.199616,0.000000,0
Somalia,seriea,5.152149,46.199616,0.000000,0
Somalia,spain,5.152149,46.199616,0.000000,0
Madagascar,premier,-18.766947,46.869107,0.000000,0
Madagascar,bundes,-18.766947,46.869107,0.000000,0
Madagascar,seriea,-18.766947,46.869107,0.000000,0
Madagascar,spain,-18.766947,46.869107,0.000000,0
Syria,premier,34.802075,38.996815,0.000000,0
Syria,bundes,34.802075,38.996815,20.000000,1
Syria,seriea,34.802075,38.996815,0.000000,0
Syria,spain,34.802075,38.996815,0.000000,0
Kazakhstan,premier,48.019573,66.923684,0.000000,0
Kazakhstan,bundes,48.019573,66.923684,29.333333,3
Kazakhstan,seriea,48.019573,66.923684,24.000000,1
Kazakhstan,spain,48.019573,66.923684,0.000000,0
Ethiopia,premier,9.145000,40.489673,0.000000,0
Ethiopia,bundes,9.145000,40.489673,0.000000,0
Ethiopia,seriea,9.145000,40.489673,0.000000,0
Ethiopia,spain,9.145000,40.489673,0.000000,0
Kiribati,premier,-3.370417,-168.734039,0.000000,0
Kiribati,bundes,-3.370417,-168.734039,0.000000,0
Kiribati,seriea,-3.370417,-168.734039,0.000000,0
Kiribati,spain,-3.370417,-168.734039,0.000000,0
Japan,premier,36.204824,138.252924,27.000000,4
Japan,bundes,36.204824,138.252924,28.705882,17
Japan,seriea,36.204824,138.252924,0.000000,0
Japan,spain,36.204824,138.252924,28.500000,2
Namibia,premier,-22.957640,18.490410,0.000000,0
Namibia,bundes,-22.957640,18.490410,38.000000,1
Namibia,seriea,-22.957640,18.490410,0.000000,0
Namibia,spain,-22.957640,18.490410,0.000000,0
Tanzania,premier,-6.369028,34.888822,0.000000,0
Tanzania,bundes,-6.369028,34.888822,0.000000,0
Tanzania,seriea,-6.369028,34.888822,0.000000,0
Tanzania,spain,-6.369028,34.888822,0.000000,0
Italy,premier,41.871940,12.567380,29.950000,20
Italy,bundes,41.871940,12.567380,32.000000,12
Italy,seriea,41.871940,12.567380,31.859130,575
Italy,spain,41.871940,12.567380,31.093750,32
Wallis and Futuna,premier,-13.768752,-177.156097,0.000000,0
Wallis and Futuna,bundes,-13.768752,-177.156097,0.000000,0
Wallis and Futuna,seriea,-13.768752,-177.156097,0.000000,0
Wallis and Futuna,spain,-13.768752,-177.156097,0.000000,0
Philippines,premier,12.879721,121.774017,0.000000,0
Philippines,bundes,12.879721,121.774017,0.000000,0
Philippines,seriea,12.879721,121.774017,0.000000,0
Philippines,spain,12.879721,121.774017,0.000000,0
Greenland,premier,71.706936,-42.604303,0.000000,0
Greenland,bundes,71.706936,-42.604303,0.000000,0
Greenland,seriea,71.706936,-42.604303,0.000000,0
Greenland,spain,71.706936,-42.604303,0.000000,0
Uganda,premier,1.373333,32.290275,27.000000,1
Uganda,bundes,1.373333,32.290275,0.000000,0
Uganda,seriea,1.373333,32.290275,0.000000,0
Uganda,spain,1.373333,32.290275,0.000000,0
Turks and Caicos Islands,premier,21.694025,-71.797928,0.000000,0
Turks and Caicos Islands,bundes,21.694025,-71.797928,0.000000,0
Turks and Caicos Islands,seriea,21.694025,-71.797928,0.000000,0
Turks and Caicos Islands,spain,21.694025,-71.797928,0.000000,0
Niger,premier,17.607789,8.081666,0.000000,0
Niger,bundes,17.607789,8.081666,0.000000,0
Niger,seriea,17.607789,8.081666,0.000000,0
Niger,spain,17.607789,8.081666,0.000000,0
Laos,premier,19.856270,102.495496,0.000000,0
Laos,bundes,19.856270,102.495496,0.000000,0
Laos,seriea,19.856270,102.495496,0.000000,0
Laos,spain,19.856270,102.495496,0.000000,0
Cameroon,premier,7.369722,12.354722,32.000000,8
Cameroon,bundes,7.369722,12.354722,32.400000,5
Cameroon,seriea,7.369722,12.354722,0.000000,0
Cameroon,spain,7.369722,12.354722,29.000000,8
Egypt,premier,26.820553,30.802498,33.500000,2
Egypt,bundes,26.820553,30.802498,34.000000,1
Egypt,seriea,26.820553,30.802498,25.000000,1
Egypt,spain,26.820553,30.802498,0.000000,0
Kuwait,premier,29.311660,47.481766,0.000000,0
Kuwait,bundes,29.311660,47.481766,0.000000,0
Kuwait,seriea,29.311660,47.481766,0.000000,0
Kuwait,spain,29.311660,47.481766,0.000000,0
Micronesia,premier,7.425554,150.550812,0.000000,0
Micronesia,bundes,7.425554,150.550812,0.000000,0
Micronesia,seriea,7.425554,150.550812,0.000000,0
Micronesia,spain,7.425554,150.550812,0.000000,0
Hungary,premier,47.162494,19.503304,34.000000,5
Hungary,bundes,47.162494,19.503304,32.500000,8
Hungary,seriea,47.162494,19.503304,29.666667,6
Hungary,spain,47.162494,19.503304,29.500000,2
Jersey,premier,49.214439,-2.131250,0.000000,0
Jersey,bundes,49.214439,-2.131250,0.000000,0
Jersey,seriea,49.214439,-2.131250,0.000000,0
Jersey,spain,49.214439,-2.131250,0.000000,0
Cook Islands,premier,-21.236736,-159.777671,0.000000,0
Cook Islands,bundes,-21.236736,-159.777671,0.000000,0
Cook Islands,seriea,-21.236736,-159.777671,0.000000,0
Cook Islands,spain,-21.236736,-159.777671,0.000000,0
Peru,premier,-9.189967,-75.015152,0.000000,0
Peru,bundes,-9.189967,-75.015152,30.600000,5
Peru,seriea,-9.189967,-75.015152,29.500000,4
Peru,spain,-9.189967,-75.015152,35.000000,2
China,premier,35.861660,104.195397,0.000000,0
China,bundes,35.861660,104.195397,32.500000,2
China,seriea,35.861660,104.195397,0.000000,0
China,spain,35.861660,104.195397,0.000000,0
French Guiana,premier,3.933889,-53.125782,0.000000,0
French Guiana,bundes,3.933889,-53.125782,0.000000,0
French Guiana,seriea,3.933889,-53.125782,0.000000,0
French Guiana,spain,3.933889,-53.125782,0.000000,0
Togo,premier,8.619543,0.824782,32.000000,1
Togo,bundes,8.619543,0.824782,25.000000,1
Togo,seriea,8.619543,0.824782,0.000000,0
Togo,spain,8.619543,0.824782,32.000000,1
San Marino,premier,43.942360,12.457777,0.000000,0
San Marino,bundes,43.942360,12.457777,0.000000,0
San Marino,seriea,43.942360,12.457777,0.000000,0
San Marino,spain,43.942360,12.457777,0.000000,0
Guernsey,premier,49.465691,-2.585278,0.000000,0
Guernsey,bundes,49.465691,-2.585278,0.000000,0
Guernsey,seriea,49.465691,-2.585278,0.000000,0
Guernsey,spain,49.465691,-2.585278,0.000000,0
Northern Mariana Islands,premier,17.330830,145.384690,0.000000,0
Northern Mariana Islands,bundes,17.330830,145.384690,0.000000,0
Northern Mariana Islands,seriea,17.330830,145.384690,0.000000,0
Northern Mariana Islands,spain,17.330830,145.384690,0.000000,0
U.S. Virgin Islands,premier,18.335765,-64.896335,0.000000,0
U.S. Virgin Islands,bundes,18.335765,-64.896335,0.000000,0
U.S. Virgin Islands,seriea,18.335765,-64.896335,0.000000,0
U.S. Virgin Islands,spain,18.335765,-64.896335,0.000000,0
Bermuda,premier,32.321384,-64.757370,0.000000,0
Bermuda,bundes,32.321384,-64.757370,0.000000,0
Bermuda,seriea,32.321384,-64.757370,0.000000,0
Bermuda,spain,32.321384,-64.757370,0.000000,0
Réunion,premier,-21.115141,55.536384,0.000000,0
Réunion,bundes,-21.115141,55.536384,0.000000,0
Réunion,seriea,-21.115141,55.536384,0.000000,0
Réunion,spain,-21.115141,55.536384,0.000000,0
Armenia,premier,40.069099,45.038189,0.000000,0
Armenia,bundes,40.069099,45.038189,27.000000,1
Armenia,seriea,40.069099,45.038189,0.000000,0
Armenia,spain,40.069099,45.038189,0.000000,0
Saint Lucia,premier,13.909444,-60.978893,0.000000,0
Saint Lucia,bundes,13.909444,-60.978893,0.000000,0
Saint Lucia,seriea,13.909444,-60.978893,0.000000,0
Saint Lucia,spain,13.909444,-60.978893,0.000000,0
Ghana,premier,7.946527,-1.023194,30.100000,10
Ghana,bundes,7.946527,-1.023194,31.727273,11
Ghana,seriea,7.946527,-1.023194,25.571429,14
Ghana,spain,7.946527,-1.023194,27.571429,7
Monaco,premier,43.750298,7.412841,0.000000,0
Monaco,bundes,43.750298,7.412841,0.000000,0
Monaco,seriea,43.750298,7.412841,28.000000,1
Monaco,spain,43.750298,7.412841,0.000000,0
Christmas Island,premier,-10.447525,105.690449,0.000000,0
Christmas Island,bundes,-10.447525,105.690449,0.000000,0
Christmas Island,seriea,-10.447525,105.690449,0.000000,0
Christmas Island,spain,-10.447525,105.690449,0.000000,0
Malta,premier,35.937496,14.375416,0.000000,0
Malta,bundes,35.937496,14.375416,0.000000,0
Malta,seriea,35.937496,14.375416,0.000000,0
Malta,spain,35.937496,14.375416,0.000000,0
